Price,KM,HP,MetColor,Automatic,CC,Doors,Weight,FuelType_Diesel,FuelType_Petrol
13500,0.193354705,0.170731707,1,0,1,3,0.268292683,1,0
13750,0.300149383,0.170731707,1,0,1,3,0.268292683,1,0
13950,0.171646797,0.170731707,1,0,1,3,0.268292683,1,0
14950,0.197527562,0.170731707,0,0,1,3,0.268292683,1,0
13750,0.158432751,0.170731707,0,0,1,3,0.276422764,1,0
12950,0.251025724,0.170731707,0,0,1,3,0.276422764,1,0
16900,0.261865275,0.264051396,1,0,1,3,0.398373984,1,0
18600,0.312297581,0.170731707,1,0,1,3,0.398373984,0,1
21500,0.081066177,1,0,0,0.714285714,3,0.300813008,0,1
12950,0.292746061,0.264051396,1,0,0.857142857,3,0.170731707,1,0
20950,0.129465553,1,0,0,0.714285714,3,0.300813008,0,1
19950,0.179461644,1,0,0,0.714285714,3,0.300813008,0,1
19600,0.13246145,1,0,0,0.714285714,3,0.300813008,0,1
21500,0.09464648,1,1,0,0.714285714,3,0.300813008,0,1
22500,0.140453253,1,1,0,0.714285714,3,0.300813008,0,1
22000,0.077111428,0.264051396,0,0,0.714285714,3,0.300813008,0,1
22750,0.139914156,1,1,0,0.714285714,3,0.300813008,0,1
17950,0.089362508,0.333333333,1,0,0.428571429,3,0.170731707,0,1
16750,0.105193849,0.333333333,0,0,0.428571429,3,0.105691057,0,1
16950,0.264848827,0.333333333,1,0,0.428571429,3,0.170731707,0,1
15950,0.278433245,0.333333333,1,0,0.428571429,3,0.170731707,0,1
16950,0.180675641,0.333333333,0,1,0.428571429,3,0.276422764,0,1
15950,0.231885728,0.333333333,1,0,0.428571429,3,0.195121951,0,1
16950,0.132589023,0.333333333,1,0,0.428571429,3,0.195121951,0,1
16250,0.106222659,0.333333333,1,0,0.428571429,3,0.195121951,0,1
15950,0.117074556,0.333333333,1,0,0.428571429,3,0.195121951,0,1
17495,0.142156964,0.333333333,1,0,0.428571429,3,0.195121951,0,1
15750,0.170428685,0.333333333,1,0,0.428571429,3,0.195121951,0,1
16950,0.181650953,0.333333333,0,0,0.428571429,3,0.195121951,0,1
17950,0.045633933,0.333333333,1,0,0.428571429,3,0.195121951,0,1
12950,0.040119507,0.227642276,1,0,0.142857143,3,0.162601626,0,1
15750,0.144848333,0.227642276,1,0,0.142857143,3,0.162601626,0,1
15950,0.121436714,0.227642276,1,0,0.142857143,3,0.162601626,0,1
14950,0.134531418,0.227642276,1,0,0.142857143,3,0.162601626,0,1
15500,0.168720859,0.227642276,1,0,0.142857143,3,0.162601626,0,1
15750,0.176951345,0.227642276,0,0,0.142857143,3,0.162601626,0,1
15950,0.102876967,0.227642276,0,0,0.142857143,3,0.162601626,0,1
14950,0.041148317,0.227642276,1,0,0.142857143,3,0.162601626,0,1
15750,0.104230882,0.227642276,1,0,0.142857143,3,0.162601626,0,1
14750,0.113165075,0.227642276,0,0,0.142857143,3,0.162601626,0,1
13950,0.201885604,0.227642276,0,0,0.142857143,3,0.162601626,0,1
16750,0.181346425,0.227642276,1,0,0.142857143,3,0.162601626,0,1
13950,0.193251824,0.227642276,0,0,0.142857143,3,0.162601626,0,1
16950,0.454335203,0.170731707,1,0,1,5,0.414634146,1,0
16950,0.412549023,0.170731707,0,0,1,5,0.414634146,0,1
19000,0.34567632,0.170731707,1,0,1,5,0.43902439,1,0
17950,0.32664332,0.170731707,1,0,1,5,0.414634146,1,0
15800,0.308836662,0.227642276,1,0,0.142857143,5,0.178861789,0,1
17950,0.297178178,0.170731707,1,0,1,5,0.414634146,1,0
21950,0.267412623,1,1,0,0.714285714,5,0.317073171,0,1
17950,0.257758262,0.170731707,1,0,1,5,0.414634146,1,0
15750,0.234918662,0.227642276,1,0,0.142857143,5,0.178861789,0,1
20500,0.230449508,0.333333333,1,1,0.428571429,5,0.292682927,0,1
21950,0.205206606,1,1,0,0.714285714,5,0.317073171,0,1
15500,0.20231359,0.333333333,0,1,0.428571429,5,0.268292683,0,1
13250,0.188165383,0.333333333,1,0,0.428571429,5,0.12195122,0,1
15250,0.177815547,0.227642276,0,0,0.142857143,5,0.178861789,0,1
15250,0.176951345,0.227642276,0,0,0.142857143,5,0.178861789,0,1
18950,0.163387504,0.333333333,1,1,0.428571429,5,0.292682927,0,1
15999,0.16028461,0.333333333,1,0,0.428571429,5,0.211382114,0,1
14950,0.153905983,0.227642276,1,0,0.142857143,5,0.178861789,0,1
16500,0.152988284,0.333333333,1,0,0.428571429,5,0.211382114,0,1
18750,0.150383335,0.333333333,1,0,0.428571429,5,0.211382114,0,1
17950,0.137901802,0.333333333,1,0,0.428571429,5,0.211382114,0,1
17950,0.261865275,0.227642276,1,0,0.142857143,5,0.178861789,0,1
16950,0.132428529,0.333333333,1,0,0.428571429,5,0.12195122,0,1
18950,0.12753962,0.333333333,1,0,0.428571429,5,0.211382114,0,1
14950,0.12509928,0.227642276,1,0,0.142857143,5,0.178861789,0,1
22250,0.123453183,0.333333333,1,0,1,5,0.447154472,1,0
15950,0.1222968,0.227642276,1,0,0.142857143,5,0.178861789,0,1
15950,0.12018568,0.227642276,1,0,0.142857143,5,0.178861789,0,1
12995,0.120152758,0.227642276,1,0,0.142857143,5,0.097560976,0,1
18950,0.11858485,0.333333333,1,0,0.425714286,5,0.211382114,0,1
15750,0.116156857,0.227642276,1,0,0.142857143,5,0.178861789,0,1
19950,0.115222696,0.333333333,0,0,0.428571429,5,0.211382114,0,1
16950,0.115222696,0.333333333,1,0,0.428571429,5,0.18699187,0,1
18750,0.103971621,0.333333333,1,0,0.428571429,5,0.211382114,0,1
18450,0.096658834,0.333333333,0,0,0.428571429,5,0.18699187,0,1
16895,0.092897502,0.333333333,1,0,0.428571429,5,0.18699187,0,1
14900,0.090531237,0.227642276,1,0,0.142857143,5,0.178861789,0,1
18950,0.08237894,0.333333333,1,1,0.428571429,5,0.292682927,0,1
17250,0.08230075,0.333333333,1,0,0.428571429,5,0.18699187,0,1
15450,0.069967366,0.227642276,1,0,0.142857143,5,0.178861789,0,1
17950,0.066819205,0.333333333,1,1,0.428571429,5,0.292682927,0,1
16650,0.063428245,0.227642276,1,0,0.142857143,5,0.178861789,0,1
17450,0.035127717,0.333333333,1,0,0.428571429,5,0.211382114,0,1
14900,0.028802588,0.227642276,1,0,0.142857143,5,0.162601626,0,1
17950,0.275577266,0.170731707,1,0,1,3,0.398373984,1,0
15950,0.213511167,0.227642276,1,0,0.142857143,3,0.162601626,0,1
21950,0.205778625,0.333333333,1,0,1,3,0.430894309,1,0
16450,0.197980239,0.227642276,1,0,0.142857143,3,0.162601626,0,1
22250,0.261865275,0.170731707,1,0,1,3,0.422764228,1,0
19950,0.141856551,0.170731707,1,0,0.992857143,3,0.422764228,1,0
15950,0.137152828,0.227642276,1,0,0.142857143,3,0.162601626,0,1
18900,0.131066383,0.333333333,0,0,0.428571429,3,0.195121951,0,1
19950,0.124897633,0.170731707,1,0,0.992857143,3,0.422764228,1,0
15950,0.12112807,0.227642276,1,0,0.142857143,3,0.162601626,0,1
15950,0.106778217,0.227642276,1,0,0.142857143,3,0.162601626,0,1
18750,0.100819345,0.333333333,1,0,0.428571429,3,0.195121951,0,1
17450,0.098358429,0.227642276,1,0,0.142857143,3,0.162601626,0,1
18990,0.095366648,0.333333333,1,0,0.428571429,3,0.195121951,0,1
16250,0.079008556,0.227642276,1,0,0.142857143,3,0.162601626,0,1
18500,0.074070264,0.016260163,0,0,0.142857143,3,0.203252033,0,1
18500,0.066345952,0.333333333,1,0,0.428571429,3,0.170731707,0,1
19450,0.06022247,0.333333333,1,1,0.428571429,3,0.25203252,0,1
16950,0.056572249,0.227642276,1,0,0.142857143,3,0.162601626,0,1
18800,0.047321182,0.333333333,1,0,0.428571429,3,0.073170732,0,1
17450,0.041148317,0.227642276,1,0,0.142857143,3,0.162601626,0,1
17950,0.029572138,0.333333333,1,0,0.428571429,3,0.170731707,0,1
32500,0,0.382113821,0,0,1,5,0.780487805,0,1
31000,0.016456858,0.382113821,1,0,1,5,0.780487805,1,0
31275,0.00616875,0.382113821,1,0,1,5,0.780487805,1,0
24950,0.261865275,0.382113821,1,0,1,5,0.520325203,1,0
24950,0.054535204,0.382113821,1,0,1,5,0.520325203,1,0
22950,0.041148317,0.382113821,1,0,1,5,0.43902439,1,0
24990,0.024687344,0.170731707,1,0,1,5,0.455284553,1,0
21950,0.044609237,0.170731707,1,0,1,5,0.43902439,0,1
17900,0,0.333333333,1,0,0.428571429,3,0.170731707,0,1
19250,0.259256211,0.170731707,1,0,1,5,0.414634146,1,0
22250,0.235852822,0.333333333,1,0,1,5,0.447154472,0,1
18950,0.234717015,0.333333333,0,0,0.428571429,5,0.18699187,0,1
19950,0.210280701,0.170731707,1,0,1,5,0.414634146,0,1
16350,0.164646768,0.333333333,1,0,0.428571429,5,0.18699187,0,1
18950,0.160963625,0.333333333,1,0,0.428571429,5,0.211382114,0,1
16950,0.148194025,0.333333333,0,0,0.428571429,5,0.211382114,0,1
21750,0.261865275,0.333333333,1,0,0.428571429,5,0.211382114,0,1
15950,0.148144643,0.333333333,1,0,0.428571429,5,0.12195122,0,1
16500,0.144029399,0.227642276,1,0,0.142857143,5,0.178861789,0,1
17950,0.138844193,0.227642276,1,0,0.142857143,5,0.219512195,0,1
15850,0.137761884,0.333333333,1,0,0.428571429,5,0.12195122,0,1
16250,0.134263927,0.227642276,1,0,0.142857143,5,0.178861789,0,1
15950,0.261865275,0.227642276,1,0,0.142857143,5,0.178861789,0,1
16250,0.121152762,0.227642276,1,0,0.142857143,5,0.178861789,0,1
15950,0.120864695,0.333333333,1,0,0.428571429,4,0.170731707,0,1
16500,0.11933794,0.227642276,0,0,0.142857143,5,0.178861789,0,1
16500,0.114486068,0.227642276,0,0,0.142857143,5,0.178861789,0,1
18450,0.112634208,0.227642276,0,0,0.142857143,5,0.219512195,0,1
16250,0.103576558,0.333333333,1,0,0.428571429,5,0.170731707,0,1
23000,0.102876967,0.382113821,1,0,1,5,0.520325203,1,0
19900,0.09464648,0.333333333,1,0,0.428571429,5,0.211382114,0,1
16450,0.092951,0.227642276,1,0,0.142857143,5,0.178861789,0,1
23950,0.08923082,1,1,0,0.714285714,5,0.300813008,0,1
19950,0.088177318,0.333333333,1,0,0.428571429,5,0.211382114,0,1
18500,0.084889238,0.333333333,1,0,0.428571429,4,0.146341463,0,1
18950,0.083411866,0.333333333,1,0,0.428571429,5,0.211382114,0,1
16450,0.082732851,0.227642276,0,0,0.142857143,5,0.178861789,0,1
20500,0.08230075,0.333333333,0,1,0.428571429,5,0.268292683,0,1
24500,0.082251367,0.333333333,1,0,0.428571429,5,0.211382114,0,1
19450,0.075420063,0.333333333,0,0,0.428571429,5,0.211382114,0,1
20950,0.073642278,0.333333333,1,1,0.428571429,4,0.243902439,0,1
17200,0.071189593,0.227642276,1,0,0.142857143,5,0.178861789,0,1
19950,0.0701114,0.333333333,0,0,0.428571429,5,0.211382114,0,1
18450,0.056568134,0.227642276,1,0,0.142857143,5,0.178861789,0,1
19500,0.056103112,0.333333333,1,0,0.428571429,5,0.18699187,0,1
21750,0.054226561,0.333333333,1,0,0.428571429,5,0.211382114,0,1
16868,0.05414014,0.227642276,1,0,0.142857143,4,0.138211382,0,1
19500,0.053494047,0.333333333,1,0,0.428571429,4,0.170731707,0,1
18900,0.051436426,0.333333333,1,0,0.428571429,5,0.18699187,0,1
19750,0.049374689,0.333333333,1,0,0.428571429,5,0.211382114,0,1
19750,0.048366454,0.333333333,0,1,0.428571429,5,0.292682927,0,1
18950,0.045263561,0.333333333,1,0,0.428571429,4,0.170731707,0,1
20750,0.041148317,0.333333333,0,0,0.425714286,5,0.170731707,0,1
19600,0.031477496,0.333333333,1,0,0.428571429,5,0.18699187,0,1
19500,0.026744966,0.333333333,1,0,0.428571429,4,0.162601626,0,1
17650,0.025325207,0.227642276,1,0,0.142857143,5,0.178861789,0,1
19950,0.024687344,0.333333333,0,0,0.428571429,5,0.211382114,0,1
19950,0.022460998,0.333333333,1,0,0.428571429,5,0.211382114,0,1
20950,0.021716139,0.333333333,1,1,0.428571429,4,0.243902439,0,1
20500,0.020572101,0.333333333,1,0,0.428571429,5,0.211382114,0,1
17795,0,0.235772358,1,0,0.142857143,4,0.105691057,0,1
18245,0,0.333333333,1,0,0.428571429,5,0.12195122,0,1
23750,0.045263561,0.333333333,1,0,0.428571429,5,0.211382114,0,1
19500,0.041465191,0.227642276,1,0,0.142857143,5,0.178861789,0,1
18950,0.041148317,0.227642276,1,0,0.142857143,5,0.178861789,0,1
21950,0.040275886,0.333333333,1,0,0.428571429,5,0.211382114,0,1
19950,0.035279981,0.333333333,1,0,0.428571429,5,0.211382114,0,1
18950,0.028802588,0.333333333,0,0,0.428571429,5,0.18699187,0,1
19950,0.025716155,0.333333333,1,0,0.428571429,5,0.18699187,0,1
21950,0.020572101,0.333333333,1,0,0.428571429,5,0.211382114,0,1
22500,0.012341615,0.333333333,0,0,0.428571429,5,0.211382114,0,1
18500,0.008226371,0.333333333,0,0,0.428571429,5,0.12195122,0,1
18700,0.001847744,0.227642276,1,0,0.142857143,5,0.178861789,0,1
21125,0.000921814,0.227642276,1,0,0.142857143,5,0.178861789,0,1
21500,5.76E-05,0.333333333,1,0,0.428571429,5,0.211382114,0,1
17795,0,0.235772358,1,0,0.142857143,4,0.162601626,0,1
18245,0,0.333333333,1,0,0.428571429,5,0.12195122,0,1
6950,1,0,0,0,0.857142857,3,0.178861789,1,0
9500,0.743365199,0.170731707,0,0,1,4,0.260162602,1,0
11950,0.74016354,0.170731707,1,0,1,5,0.333333333,1,0
7750,0.736040066,0.333333333,0,0,0.428571429,3,0.136585366,0,0
11950,0.662550052,0,1,0,0.857142857,3,0.170731707,1,0
4350,0.6515212,0,0,0,0.714285714,5,0.178861789,1,0
4750,0.540216215,0,1,0,0.714285714,5,0.178861789,1,0
11750,0.535232655,0,1,0,0.857142857,5,0.227642276,1,0
13250,0.507919786,0,1,0,0.857142857,5,0.227642276,1,0
11950,0.486487599,0.333333333,1,0,0.428571429,5,0.12195122,0,1
11900,0.452672645,0,1,0,0.857142857,5,0.154471545,1,0
14750,0.447927769,0.170731707,1,0,1,5,0.333333333,1,0
9950,0.434972983,0.227642276,1,0,0.142857143,3,0.040650407,0,1
11950,0.406676571,0.333333333,1,0,0.428571429,5,0.193495935,0,0
11495,0.398470776,0.333333333,1,0,0.428571429,5,0.12195122,0,1
11250,0.397190935,0.227642276,1,0,0.142857143,3,0.040650407,0,1
10500,0.379437775,0.333333333,1,0,0.428571429,5,0.12195122,0,1
10450,0.376359573,0,1,0,0.857142857,3,0.178861789,1,0
12950,0.370236092,0,1,0,0.857142857,5,0.227642276,1,0
11500,0.369367775,0.333333333,1,0,0.428571429,3,0.073170732,0,1
12500,0.351392393,0.333333333,1,0,0.428571429,5,0.12195122,0,1
10950,0.349861522,0.227642276,0,0,0.142857143,5,0.097560976,0,1
11450,0.346960276,0.333333333,0,0,0.428571429,5,0.130081301,0,1
11950,0.340503459,0.333333333,1,0,0.428571429,5,0.196747967,0,0
13250,0.333766806,0,1,0,0.857142857,5,0.227642276,1,0
14750,0.330964325,0.170731707,1,0,1,5,0.333333333,1,0
11790,0.32377088,0.333333333,1,1,0.428571429,5,0.170731707,0,1
11450,0.322733838,0.333333333,1,0,0.428571429,5,0.12195122,0,1
13500,0.321429306,0.170731707,1,0,1,3,0.276422764,1,0
10950,0.31819061,0.333333333,1,0,0.428571429,5,0.12195122,0,1
13500,0.311515685,0,0,0,0.857142857,3,0.170731707,1,0
10950,0.311507455,0.227642276,1,0,0.142857143,3,0.040650407,0,1
10950,0.308005383,0.227642276,1,0,0.142857143,3,0.040650407,0,1
12950,0.30583665,0.333333333,1,0,0.428571429,5,0.12195122,0,1
11950,0.305696731,0.333333333,1,0,0.428571429,5,0.12195122,0,1
12450,0.305231709,0.333333333,1,0,0.428571429,5,1,0,1
11950,0.300581484,0.333333333,1,0,0.425714286,5,0.12195122,0,1
14950,0.295441545,0.333333333,1,0,0.428571429,4,0.108943089,0,0
12450,0.293001206,0.333333333,1,0,0.428571429,5,0.12195122,0,1
12950,0.279029955,0.333333333,1,0,0.428571429,5,0.12195122,0,1
11950,0.271552558,0.333333333,1,0,0.428571429,3,0.06504065,0,1
11690,0.268906456,0.227642276,1,0,0.142857143,5,0.097560976,0,1
12450,0.265692451,0.333333333,1,0,0.428571429,5,0.130081301,0,1
12750,0.261145108,0.227642276,1,0,0.142857143,5,0.097560976,0,1
11925,0.261112186,0.227642276,0,0,0.142857143,3,0.040650407,0,1
12950,0.255140968,0.333333333,1,0,0.428571429,5,0.12195122,0,1
11950,0.252260297,0.227642276,1,0,0.142857143,3,0.048780488,0,1
12900,0.251848773,0.333333333,1,0,0.428571429,3,0.073170732,0,1
11900,0.251025724,0.333333333,0,0,0.428571429,5,0.12195122,0,1
11650,0.250322018,0.333333333,1,0,0.428571429,5,0.12195122,0,1
10950,0.248968103,0.333333333,0,0,0.428571429,5,0.12195122,0,1
13950,0.244852859,0,1,0,0.857142857,3,0.178861789,1,0
13950,0.242795238,0.333333333,0,1,0.428571429,5,0.178861789,0,1
11950,0.242605937,0.333333333,1,0,0.428571429,5,0.130081301,0,1
10950,0.241963959,0.333333333,1,0,0.428571429,5,0.12195122,0,1
12450,0.240173828,0.333333333,1,0,0.428571429,3,0.089430894,0,1
11950,0.239819917,0.333333333,1,0,0.428571429,3,0.073170732,0,1
13500,0.237490689,0.170731707,1,0,1,3,0.268292683,1,0
11690,0.235671752,0.333333333,1,0,0.428571429,5,0.12195122,0,1
13500,0.230453623,0.333333333,1,0,0.428571429,5,0.12195122,0,1
11950,0.23031782,0.333333333,1,0,0.428571429,3,0.081300813,0,1
12900,0.2291244,0.333333333,1,0,0.428571429,4,0.048780488,0,1
13500,0.228552381,0.333333333,1,0,0.428571429,5,0.138211382,0,1
11750,0.227980362,0.333333333,0,0,0.428571429,5,0.12195122,0,1
11750,0.2277746,0.333333333,0,0,0.428571429,5,0.12195122,0,1
10850,0.224688167,0.333333333,0,0,0.428571429,4,0.048780488,0,1
11750,0.221284861,0.333333333,1,0,0.428571429,5,0.12195122,0,1
14950,0.221062638,0.333333333,1,1,0.428571429,5,0.170731707,0,1
9940,0.220753995,0.333333333,1,0,0.428571429,5,0.12195122,0,1
12900,0.219544113,0.333333333,0,0,0.428571429,5,0.12195122,0,1
13500,0.218103778,0.333333333,1,0,0.428571429,5,0.12195122,0,1
11750,0.214334215,0.227642276,1,0,0.142857143,3,0.040650407,0,1
11950,0.213988535,0.227642276,0,0,0.142857143,3,0.040650407,0,1
13450,0.213762197,0.333333333,1,0,0.428571429,5,0.12195122,0,1
11950,0.21288565,0.227642276,1,0,0.142857143,3,0.040650407,0,1
12495,0.209350656,0.333333333,1,0,0.428571429,5,0.12195122,0,1
13500,0.209280697,0.333333333,0,0,0.428571429,4,0.048780488,0,1
12750,0.208391804,0.333333333,1,0,0.428571429,5,0.12195122,0,1
12000,0.205758048,0.227642276,1,0,0.142857143,5,0.097560976,0,1
11950,0.203700427,0.333333333,1,0,0.428571429,5,0.12195122,0,1
12495,0.203009066,0.333333333,1,0,0.428571429,5,0.130081301,0,1
12450,0.202840341,0.333333333,1,0,0.428571429,3,0.06504065,0,1
14750,0.201445273,0.170731707,1,0,1,5,0.333333333,1,0
10950,0.201416467,0.333333333,0,0,0.428571429,3,0.06504065,0,1
13500,0.201346508,0,1,0,0.857142857,3,0.170731707,1,0
12950,0.198338265,0.333333333,1,0,0.428571429,5,0.12195122,0,1
13500,0.197741554,0,1,0,0.857142857,3,0.170731707,1,0
13450,0.19757283,0.333333333,1,0,0.428571429,4,0.048780488,0,1
13500,0.197527562,0.333333333,1,0,0.428571429,5,0.12195122,0,1
11480,0.194852654,0.333333333,1,0,0.428571429,5,0.12195122,0,1
13450,0.19267569,0.227642276,1,0,0.142857143,5,0.097560976,0,1
11495,0.192153054,0.333333333,0,0,0.428571429,3,0.06504065,0,1
12750,0.191416426,0.227642276,0,0,0.142857143,5,0.040650407,0,1
14990,0.19064276,0.333333333,1,0,0.428571429,3,0.089430894,0,1
12950,0.190548109,0.227642276,1,0,0.142857143,5,0.097560976,0,1
12950,0.188827938,0.333333333,1,0,0.428571429,5,0.130081301,0,1
12850,0.188116,0.227642276,1,0,0.142857143,5,0.138211382,0,1
13950,0.187650978,0.333333333,1,1,0.428571429,5,0.170731707,0,1
11950,0.186362907,0.333333333,1,0,0.428571429,5,0.12195122,0,1
12950,0.185515167,0.333333333,1,0,0.428571429,5,0.12195122,0,1
11700,0.184482241,0.333333333,1,0,0.428571429,5,0.12195122,0,1
9950,0.184181828,0.227642276,1,0,0.142857143,3,0.040650407,0,1
11895,0.181963712,0.227642276,1,0,0.142857143,5,0.097560976,0,1
12950,0.179552179,0.333333333,1,0,0.428571429,5,0.12195122,0,1
12500,0.178708554,0.333333333,1,0,0.428571429,3,0.06504065,0,1
13875,0.177996617,0.333333333,1,0,0.428571429,5,0.12195122,0,1
10500,0.176951345,0.333333333,0,0,0.428571429,3,0.081300813,0,1
12295,0.176222947,0.333333333,1,0,0.428571429,5,0.12195122,0,1
13950,0.175140638,0.333333333,1,0,0.428571429,5,0.130081301,0,1
10950,0.171823752,0.333333333,0,0,0.428571429,3,0.06504065,0,1
12950,0.170774365,0.333333333,1,0,0.428571429,5,0.167479675,0,0
12850,0.170115926,0.333333333,1,0,0.428571429,5,0.130081301,0,1
13995,0.168720859,0.333333333,1,0,0.428571429,5,0.12195122,0,1
13750,0.164605616,0.333333333,1,0,0.428571429,3,0.089430894,0,1
12750,0.163605612,0.333333333,1,0,0.428571429,5,0.12195122,0,1
12500,0.163202318,0.333333333,1,0,0.428571429,3,0.073170732,0,1
13950,0.163165281,0.333333333,0,0,0.428571429,3,0.089430894,0,1
11500,0.16264676,0.227642276,1,0,0.14,3,0.040650407,0,1
13950,0.162613838,0.227642276,1,0,0.142857143,5,0.097560976,0,1
11895,0.162296964,0.227642276,0,0,0.142857143,5,0.097560976,0,1
9950,0.160490372,0.227642276,1,0,0.142857143,3,0.040650407,0,1
13500,0.160210536,0.333333333,1,0,0.428571429,3,0.06504065,0,1
11450,0.159716707,0.227642276,1,0,0.142857143,3,0.040650407,0,1
12450,0.159111766,0.333333333,1,0,0.428571429,5,0.12195122,0,1
12950,0.159062383,0.333333333,1,0,0.428571429,5,0.130081301,0,1
13995,0.158272256,0.333333333,1,0,0.428571429,5,0.130081301,0,1
11750,0.156696118,0.227642276,0,0,0.142857143,3,0.040650407,0,1
11650,0.155478006,0.227642276,1,0,0.142857143,5,0.097560976,0,1
9950,0.154630266,0.227642276,0,0,0.142857143,3,0.048780488,0,1
13950,0.154453311,0.333333333,1,0,0.428571429,5,0.12195122,0,1
12950,0.153860715,0.333333333,1,0,0.428571429,5,0.130081301,0,1
10950,0.153576764,0.227642276,1,0,0.142857143,3,0.040650407,0,1
9900,0.152259886,0.227642276,1,0,0.142857143,3,0.040650407,0,1
11950,0.152259886,0.333333333,0,0,0.428571429,4,0.12195122,0,1
11990,0.15047387,0.333333333,0,0,0.428571429,5,0.146341463,0,1
10750,0.149251643,0.333333333,1,0,0.428571429,5,0.12195122,0,1
13950,0.148449171,0.333333333,1,1,0.428571429,5,0.12195122,0,1
11250,0.148416249,0.333333333,1,0,0.428571429,3,0.06504065,0,1
12950,0.142379187,0.333333333,1,0,0.428571429,5,0.12195122,0,1
11950,0.139914156,0.333333333,1,0,0.428571429,5,0.12195122,0,1
10950,0.138362709,0.227642276,1,0,0.142857143,3,0.040650407,0,1
12950,0.138231022,0.333333333,1,0,0.428571429,5,0.12195122,0,1
12950,0.136860646,0.333333333,1,0,0.428571429,5,0.12195122,0,1
11695,0.136263935,0.333333333,1,0,0.428571429,5,0.12195122,0,1
11000,0.135798913,0.333333333,1,1,0.428571429,5,0.12195122,0,1
13950,0.135556113,0.333333333,1,0,0.428571429,5,0.130081301,0,1
11950,0.134897674,0.333333333,0,0,0.428571429,5,0.12195122,0,1
11750,0.133872979,0.333333333,1,0,0.428571429,3,0.06504065,0,1
12400,0.133457339,0.227642276,1,0,0.142857143,5,0.097560976,0,1
12500,0.131683669,0.333333333,0,0,0.428571429,3,0.06504065,0,1
12900,0.127568426,0.333333333,1,0,0.428571429,5,0.12195122,0,1
12200,0.127523159,0.333333333,0,0,0.428571429,3,0.073170732,0,1
12750,0.126506693,0.333333333,1,0,0.428571429,3,0.06504065,0,1
11950,0.124235079,0.333333333,1,0,0.428571429,5,0.12195122,0,1
11900,0.122284454,0.382113821,1,0,0.428571429,5,0.12195122,0,1
11950,0.122284454,0.333333333,1,1,0.428571429,3,0.113821138,0,1
14950,0.121971695,0.333333333,1,0,0.428571429,3,0.089430894,0,1
11950,0.119568393,0.227642276,1,0,0.142857143,5,0.097560976,0,1
12950,0.118165095,0.333333333,1,0,0.428571429,5,0.12195122,0,1
14950,0.1175725,0.333333333,0,0,0.428571429,5,0.146341463,0,1
13450,0.116712414,0.333333333,1,0,0.428571429,3,0.06504065,0,1
13750,0.115839983,0.333333333,1,0,0.428571429,5,0.12195122,0,1
12950,0.112346141,0.333333333,1,0,0.428571429,3,0.06504065,0,1
12750,0.112095112,0.333333333,1,0,0.428571429,5,0.12195122,0,1
11895,0.111807044,0.227642276,1,0,0.142857143,5,0.097560976,0,1
9950,0.111687702,0.227642276,1,0,0.142857143,5,0.097560976,0,1
12450,0.108070404,0.333333333,1,0,0.428571429,5,0.12195122,0,1
12500,0.10699221,0.227642276,1,0,0.142857143,5,0.097560976,0,1
14950,0.103815242,0.333333333,1,0,0.428571429,3,0.073170732,0,1
13750,0.103132112,0.333333333,1,0,0.428571429,5,0.130081301,0,1
12695,0.101737044,0.333333333,1,1,0.428571429,4,0.097560976,0,1
14990,0.101436631,0.333333333,1,0,0.428571429,3,0.089430894,0,1
12750,0.101037453,0.333333333,1,0,0.428571429,5,0.130081301,0,1
14350,0.100716464,0.333333333,1,0,0.428571429,5,0.048780488,0,1
12950,0.100588891,0.333333333,1,0,0.428571429,3,0.06504065,0,1
11500,0.098806991,0.227642276,0,0,0.142857143,3,0.040650407,0,1
11950,0.098761723,0.227642276,1,0,0.142857143,3,0.040650407,0,1
13450,0.09718147,0.333333333,1,0,0.428571429,5,0.12195122,0,1
12900,0.094090922,0.333333333,1,0,0.428571429,5,0.12195122,0,1
10500,0.093741127,0.138211382,1,0,0,5,0.056910569,0,1
10950,0.090136173,0.227642276,0,0,0.142857143,3,0.040650407,0,1
11950,0.089095017,0.227642276,0,0,0.142857143,3,0.040650407,0,1
11450,0.088473615,0.333333333,1,0,0.428571429,5,0.048780488,0,1
13250,0.086527105,0.333333333,1,0,0.428571429,5,0.130081301,0,1
10250,0.076127885,0.333333333,0,0,0.428571429,4,0.048780488,0,1
13995,0.074070264,0.333333333,1,0,0.428571429,5,0.12195122,0,1
11950,0.070164898,0.227642276,0,0,0.142857143,5,0.097560976,0,1
13250,0.067946782,0.227642276,1,0,0.142857143,5,0.138211382,0,1
12950,0.067177231,0.333333333,1,0,0.428571429,5,0.130081301,0,1
11750,0.065839777,0.227642276,1,0,0.142857143,5,0.097560976,0,1
11500,0.049378804,0.333333333,1,0,0.428571429,5,0.12195122,0,1
13500,0.041148317,0.227642276,1,0,0.142857143,5,0.097560976,0,1
6500,0.888888432,0,0,0,0.857142857,3,0.178861789,1,0
6400,0.815501298,0,0,0,0.857142857,4,0.154471545,1,0
7000,0.724278701,0,0,0,0.857142857,3,0.170731707,1,0
7750,0.716620233,0.024390244,1,0,1,4,0.162601626,1,0
8900,0.716048214,0,1,0,0.857142857,5,0.154471545,1,0
8500,0.617282376,0.333333333,1,0,0.428571429,3,0.12195122,0,0
8950,0.614521047,0.024390244,1,0,1,5,0.219512195,1,0
9900,0.603850222,0.333333333,1,0,0.428571429,5,0.130081301,0,1
10250,0.590586793,0,0,0,0.857142857,5,0.227642276,1,0
9250,0.584895411,0.333333333,0,0,0.428571429,5,0.193495935,0,0
7750,0.579010613,0,1,0,0.857142857,5,0.178861789,1,0
9450,0.569520862,0,1,0,0.857142857,4,0.154471545,1,0
7750,0.563784213,0.024390244,1,0,1,5,0.219512195,1,0
8250,0.556615459,0,1,0,0.857142857,5,0.227642276,1,0
9950,0.540590702,0.333333333,1,0,0.428571429,5,0.12195122,0,1
4450,0.53150013,0,0,0,0.714285714,5,0.178861789,1,0
9950,0.518969214,0.333333333,0,0,0.428571429,3,0.089430894,0,1
9000,0.492763345,0.333333333,1,0,0.428571429,5,0.130081301,0,1
9950,0.485236565,0,1,0,0.857142857,5,0.178861789,1,0
12450,0.483248902,0.170731707,1,0,1,3,0.268292683,1,0
10500,0.261865275,0.333333333,1,0,0.428571429,4,0.056910569,0,1
10750,0.475545167,0.333333333,1,0,0.428571429,4,0.056910569,0,1
8950,0.473713884,0.227642276,1,0,0.142857143,3,0.040650407,0,1
10500,0.473438162,0,1,0,0.857142857,5,0.227642276,1,0
5150,0.469121272,0.024390244,1,0,1,5,0.219512195,1,0
10950,0.443861909,0.227642276,0,0,0.142857143,5,0.097560976,0,1
9450,0.431293956,0.227642276,1,0,0.142857143,3,0.040650407,0,1
9950,0.425734262,0.333333333,1,0,0.428571429,5,0.12195122,0,1
10950,0.423940016,0,0,0,0.857142857,5,0.227642276,0,1
11900,0.421199264,0.333333333,1,0,0.428571429,5,0.130081301,0,1
9950,0.419874156,0.227642276,1,0,0.142857143,5,0.097560976,0,1
11950,0.417084021,0.333333333,0,0,0.428571429,5,0.130081301,0,1
7900,0.410964654,0.333333333,1,0,0.428571429,4,0.056910569,0,1
10950,0.408734192,0.333333333,1,0,0.428571429,3,0.089430894,0,1
8950,0.40370125,0,1,0,0.857142857,5,0.227642276,0,1
11950,0.403454335,0.333333333,0,0,0.428571429,5,0.130081301,0,1
10900,0.401643628,0.333333333,1,0,0.428571429,3,0.073170732,0,1
9950,0.400137449,0.333333333,0,0,0.428571429,5,0.130081301,0,1
9950,0.395614797,0.024390244,0,0,1,3,0.18699187,1,0
10950,0.395470763,0.333333333,1,0,0.428571429,5,0.130081301,0,1
8950,0.388478965,0.024390244,0,0,1,3,0.18699187,1,0
8950,0.387330812,0.138211382,1,0,0,3,0.024390244,0,1
10500,0.375882205,0.333333333,1,0,0.428571429,3,0.089430894,0,1
8950,0.371190828,0.227642276,0,0,0.142857143,3,0.040650407,0,1
9250,0.370766958,0,1,0,0.857142857,5,0.227642276,1,0
11500,0.366454183,0.227642276,1,0,0.142857143,5,0.097560976,0,1
9750,0.366252536,0.333333333,0,0,0.428571429,5,0.12195122,0,1
9950,0.359149626,0.333333333,1,0,0.428571429,3,0.06504065,0,1
11450,0.354816275,0.333333333,0,0,0.428571429,3,0.073170732,0,1
12500,0.348137235,0.333333333,0,0,0.428571429,5,0.12195122,0,1
10500,0.343894419,0.333333333,0,0,0.428571429,5,0.12195122,0,1
12950,0.341997292,0.333333333,1,0,0.428571429,5,0.12195122,0,1
12200,0.340758604,0.333333333,1,0,0.428571429,3,0.06504065,0,1
10950,0.340470537,0.227642276,1,0,0.142857143,3,0.048780488,0,1
10950,0.337054885,0.333333333,1,0,0.428571429,5,0.170731707,0,1
11290,0.330532224,0.333333333,1,1,0.428571429,3,0.113821138,0,1
10750,0.329585718,0.227642276,1,0,0.142857143,3,0.048780488,0,1
10895,0.328392298,0.333333333,0,0,0.428571429,5,0.12195122,0,1
11500,0.324215326,0.333333333,1,0,0.428571429,5,0.193495935,0,0
9750,0.323454006,0.333333333,1,0,0.428571429,5,0.12195122,0,1
10250,0.320079507,0.333333333,1,0,0.428571429,3,0.06504065,0,1
12500,0.319536294,0.333333333,0,0,0.428571429,4,0.048780488,0,1
11950,0.317980732,0.333333333,1,0,0.428571429,4,0.056910569,0,1
10750,0.313441619,0.227642276,1,0,0.142857143,5,0.097560976,0,1
11450,0.309663826,0.333333333,1,0,0.428571429,4,0.056910569,0,1
11950,0.309589751,0.333333333,1,0,0.428571429,5,0.130081301,0,1
11750,0.308824316,0.333333333,1,0,0.428571429,3,0.089430894,0,1
10950,0.308017728,0.333333333,1,1,0.428571429,4,0.097560976,0,1
11950,0.307466286,0.333333333,1,0,0.428571429,5,0.130081301,0,1
10995,0.307223487,0,0,0,0.857142857,3,0.170731707,1,0
11450,0.306581509,0.227642276,0,0,0.142857143,3,0.040650407,0,1
8900,0.306556817,0.333333333,1,0,0.428571429,5,0.12195122,0,1
10500,0.303017708,0.333333333,0,0,0.41,5,0.12195122,0,1
11750,0.302067087,0.333333333,1,0,0.428571429,5,0.12195122,0,1
11450,0.301128811,0.227642276,1,0,0.142857143,3,0.048780488,0,1
12000,0.300408644,0.333333333,0,0,0.428571429,3,0.089430894,0,1
11950,0.297289289,0.333333333,1,1,0.428571429,3,0.113821138,0,1
9850,0.2962934,0.227642276,1,0,0.142857143,3,0.040650407,0,1
10950,0.295161708,0.333333333,1,0,0.428571429,4,0.056910569,0,1
10950,0.293313964,0.333333333,0,0,0.428571429,5,0.130081301,0,1
8695,0.289873621,0,1,0,0.857142857,3,0.170731707,1,0
10990,0.289046457,0.333333333,0,0,0.428571429,3,0.06504065,0,1
9500,0.287293363,0.227642276,1,0,0.142857143,3,0.040650407,0,1
11950,0.286659616,0.138211382,0,0,0,3,0.040650407,0,1
10750,0.28630982,0.227642276,0,0,0.142857143,5,0.105691057,0,1
8750,0.283947671,0,1,0,0.857142857,5,0.227642276,1,0
8750,0.28215754,0.333333333,1,0,0.428571429,4,0.048780488,0,1
11450,0.281972354,0.024390244,1,0,1,3,0.18699187,1,0
9950,0.281536138,0.227642276,0,0,0.142857143,3,0.040650407,0,1
11950,0.274799485,0.333333333,0,0,0.428571429,5,0.146341463,0,1
13950,0.273770674,0.333333333,1,0,0.428571429,5,0.130081301,0,1
11250,0.271861201,0.333333333,1,0,0.428571429,5,0.146341463,0,1
10900,0.269424977,0.227642276,1,0,0.142857143,5,0.097560976,0,1
9750,0.269132795,0.227642276,1,0,0.142857143,3,0.040650407,0,1
9950,0.268186289,0.227642276,1,0,0.142857143,3,0.040650407,0,1
11950,0.267486697,0.333333333,1,0,0.428571429,5,0.12195122,0,1
10450,0.264165696,0.333333333,1,0,0.428571429,3,0.06504065,0,1
8950,0.263371454,0.227642276,1,0,0.142857143,3,0.040650407,0,1
10250,0.262515484,0.333333333,1,0,0.428571429,5,0.12195122,0,1
9930,0.26186939,0.333333333,1,0,0.428571429,4,0.056910569,0,1
10500,0.259811769,0.333333333,1,0,0.428571429,3,0.081300813,0,1
11950,0.259762386,0.333333333,1,0,0.428571429,4,0.056910569,0,1
11500,0.259256211,0,1,0,0.857142857,5,0.227642276,1,0
11500,0.259256211,0.333333333,0,0,0.428571429,4,0.056910569,0,1
11450,0.259202713,0.333333333,0,0,0.428571429,5,0.130081301,0,1
9900,0.258231515,0.333333333,0,0,0.428571429,3,0.081300813,0,1
9500,0.257276779,0.227642276,0,0,0.142857143,3,0.040650407,0,1
10500,0.256293236,0.227642276,1,0,0.142857143,5,0.097560976,0,1
10750,0.253791168,0.333333333,1,0,0.428571429,5,0.12195122,0,1
8950,0.251025724,0,0,0,1,5,0.227642276,1,0
12000,0.251025724,0.333333333,1,0,0.428571429,3,0.081300813,0,1
9940,0.249206787,0.333333333,1,0,0.428571429,4,0.170731707,0,1
10950,0.248342586,0.333333333,0,0,0.428571429,4,0.048780488,0,1
10750,0.261865275,0.333333333,1,0,0.428571429,5,0.12195122,0,1
9799,0.242795238,0.227642276,1,0,0.142857143,3,0.040650407,0,1
11750,0.241811695,0.227642276,0,0,0,5,0.097560976,0,1
11950,0.241745851,0.333333333,1,0,0.428571429,4,0.056910569,0,1
11250,0.24113268,0.333333333,1,0,0.428571429,3,0.073170732,0,1
11750,0.240861074,0.333333333,0,0,0.428571429,5,0.12195122,0,1
10950,0.240231441,0.333333333,1,0,0.428571429,3,0.081300813,0,1
11250,0.239264359,0.333333333,1,0,0.428571429,5,0.130081301,0,1
9950,0.238466002,0.227642276,1,0,0.142857143,3,0.040650407,0,1
9700,0.237219083,0.333333333,0,0,0.428571429,5,0.130081301,0,1
11950,0.236622373,0.333333333,1,0,0.428571429,4,0.170731707,0,1
9900,0.236519492,0.333333333,0,0,0.428571429,3,0.06504065,0,1
9990,0.233507134,0.333333333,0,0,0.428571429,3,0.073170732,0,1
9475,0.233227297,0.227642276,1,0,0.142857143,3,0.040650407,0,1
11500,0.229943333,0.333333333,1,0,0.428571429,5,0.12195122,0,1
11950,0.228391886,0.333333333,1,0,0.428571429,4,0.056910569,0,1
11500,0.22592274,0.227642276,1,0,0.142857143,5,0.097560976,0,1
10500,0.22413261,0.333333333,0,0,0.428571429,5,0.12195122,0,1
10900,0.220984448,0.227642276,1,0,0.142857143,5,0.097560976,0,1
11700,0.22041243,0.227642276,1,0,0.142857143,5,0.097560976,0,1
11900,0.219782797,0.333333333,1,0,0.428571429,5,0.130081301,0,1
13950,0.219206663,0.333333333,1,0,0.428571429,5,0.130081301,0,1
10950,0.218581146,0.227642276,1,0,0.142857143,3,0.040650407,0,1
10500,0.215832164,0.227642276,0,0,0.142857143,3,0.040650407,0,1
10750,0.214601706,0.227642276,1,0,0.142857143,3,0.138211382,0,1
11950,0.214568784,0.333333333,1,0,0.428571429,5,0.113821138,0,1
10000,0.213988535,0.227642276,0,0,0.142857143,3,0.040650407,0,1
10495,0.209737489,0.227642276,1,0,0.142857143,5,0.097560976,0,1
11450,0.207404146,0.333333333,0,0,0.428571429,5,0.130081301,0,1
9400,0.205758048,0.227642276,1,0,0.142857143,3,0.040650407,0,1
11950,0.205758048,0.138211382,1,0,0,5,0.073170732,0,1
9650,0.205630476,0.333333333,0,0,0.428571429,5,0.12195122,0,1
18950,0.203980263,0.333333333,1,0,0.428571429,3,0.170731707,0,1
11450,0.203589315,0.333333333,0,0,0.428571429,3,0.089430894,0,1
10250,0.20342059,0.333333333,1,0,0.428571429,3,0.081300813,0,1
11450,0.203358862,0.333333333,1,0,0.428571429,3,0.073170732,0,1
9950,0.203148984,0.227642276,1,0,0.142857143,3,0.040650407,0,1
10500,0.200535805,0.333333333,1,0,0.428571429,3,0.089430894,0,1
13750,0.199050202,0.333333333,1,0,0.428571429,5,0.130081301,0,1
9950,0.197819744,0.227642276,0,0,0.142857143,3,0.040650407,0,1
10250,0.196918506,0.333333333,1,0,0.428571429,4,0.048780488,0,1
10850,0.196572825,0.333333333,1,0,0.428571429,3,0.089430894,0,1
11895,0.196247721,0.333333333,0,0,0.428571429,5,0.12195122,0,1
12950,0.195268293,0.333333333,1,0,0.428571429,3,0.089430894,0,1
11950,0.194313557,0.333333333,1,0,0.428571429,5,0.130081301,0,1
10750,0.194280635,0.333333333,1,0,0.428571429,5,0.113821138,0,1
9550,0.192819724,0.227642276,0,0,0.142857143,5,0.097560976,0,1
10950,0.191354697,0.138211382,0,0,0,5,0.056910569,0,1
11750,0.19114482,0.333333333,1,0,0.428571429,4,0.056910569,0,1
10950,0.190906135,0.333333333,0,0,0.428571429,5,0.12195122,0,1
12450,0.190243581,0.333333333,1,0,0.428571429,3,0.089430894,0,1
10500,0.189416417,0.333333333,1,0,0.428571429,4,0.048780488,0,1
10900,0.189297075,0.227642276,0,0,0.142857143,3,0.040650407,0,1
12950,0.188885551,0.333333333,1,0,0.428571429,5,0.12195122,0,1
10950,0.188679789,0.227642276,0,0,0.142857143,5,0.097560976,0,1
12500,0.186564554,0.333333333,1,0,0.428571429,5,0.130081301,0,1
9950,0.183276474,0.227642276,0,0,0.142857143,3,0.040650407,0,1
10750,0.179832016,0.138211382,1,0,0,3,0.040650407,0,1
12500,0.177445175,0.227642276,1,0,0.142857143,3,0.048780488,0,1
10450,0.171642682,0.333333333,0,0,0.428571429,3,0.06504065,0,1
10750,0.171601529,0.227642276,1,0,0.142857143,3,0.040650407,0,1
12950,0.171338154,0.333333333,1,0,0.428571429,5,0.170731707,0,1
10995,0.16984432,0.227642276,0,0,0.142857143,5,0.097560976,0,1
11950,0.168045959,0.333333333,1,1,0.428571429,3,0.12195122,0,1
11250,0.166251713,0.227642276,1,0,0.142857143,5,0.097560976,0,1
11950,0.166091218,0.333333333,1,0,0.428571429,5,0.146341463,0,1
13750,0.16594307,0.138211382,0,0,0,5,0.073170732,0,1
11000,0.164605616,0.333333333,0,0,0.428571429,5,0.130081301,0,1
13500,0.163395734,0.333333333,1,0,0.428571429,5,0.130081301,0,1
10950,0.161687908,0.333333333,1,0,0.428571429,3,0.06504065,0,1
10750,0.160490372,0.227642276,0,0,0.142857143,3,0.040650407,0,1
8950,0.160078848,0.227642276,1,0,0.142857143,3,0.040650407,0,1
12950,0.158033572,0.333333333,0,0,0.428571429,3,0.089430894,0,1
9750,0.154157013,0.227642276,0,0,0.142857143,3,0.040650407,0,1
10900,0.152259886,0.227642276,1,0,0.142857143,3,0.040650407,0,1
10995,0.149815431,0.333333333,1,0,0.428571429,4,0.056910569,0,1
10750,0.148165219,0.227642276,1,0,0.142857143,5,0.105691057,0,1
10950,0.148144643,0.333333333,1,0,0.428571429,5,0.12195122,0,1
13000,0.148144643,0.333333333,0,0,0.428571429,5,0.130081301,0,1
12950,0.148144643,0.333333333,1,1,0.428571429,3,0.113821138,0,1
11500,0.147416245,0.333333333,0,0,0.428571429,5,0.12195122,0,1
10950,0.144975905,0.227642276,0,0,0.142857143,3,0.040650407,0,1
11710,0.144613764,0.333333333,0,0,0.428571429,3,0.089430894,0,1
9980,0.143576723,0.227642276,1,0,0.142857143,3,0.040650407,0,1
12250,0.143543801,0.333333333,1,0,0.428571429,5,0.12195122,0,1
11500,0.139914156,0.333333333,1,0,0.428571429,5,0.12195122,0,1
11950,0.139905926,0.333333333,0,0,0.428571429,5,0.130081301,0,1
11500,0.136745419,0.333333333,0,0,0.428571429,3,0.081300813,0,1
11900,0.135885333,0.333333333,1,0,0.428571429,5,0.130081301,0,1
11930,0.131679554,0.227642276,0,0,0.142857143,3,0.048780488,0,1
10500,0.129951152,0.227642276,0,0,0.142857143,3,0.040650407,0,1
8950,0.127568426,0.227642276,0,0,0.142857143,3,0.040650407,0,1
10450,0.126770069,0.227642276,1,0,0.142857143,5,0.097560976,0,1
10500,0.12535031,0.138211382,1,0,0,5,0.081300813,0,1
12950,0.122160997,0.333333333,1,1,0.428571429,3,0.12195122,0,1
9950,0.122012848,0.138211382,1,0,0,3,0.040650407,0,1
12900,0.121395561,0.333333333,1,0,0.428571429,3,0.089430894,0,1
9950,0.117922296,0.227642276,0,0,0.142857143,3,0.138211382,0,1
9950,0.113165075,0.227642276,1,0,0.142857143,3,0.040650407,0,1
10950,0.110852308,0.333333333,1,0,0.428571429,3,0.06504065,0,1
10950,0.109560122,0.227642276,0,0,0.142857143,5,0.097560976,0,1
9950,0.107901679,0.227642276,1,0,0.142857143,3,0.040650407,0,1
10950,0.093197914,0.227642276,1,0,0.142857143,5,0.097560976,0,1
10800,0.092588858,0.227642276,1,0,0.142857143,3,0.040650407,0,1
10500,0.079473578,0.227642276,0,0,0.142857143,3,0.040650407,0,1
10450,0.072502356,0.333333333,1,0,0.428571429,4,0.048780488,0,1
10600,0.070238972,0.227642276,1,0,0.142857143,3,0.040650407,0,1
10450,0.061724534,0.227642276,1,0,0.142857143,3,0.040650407,0,1
12950,0.042012519,0.227642276,0,0,0.142857143,5,0.105691057,0,1
11250,0.021843711,0.333333333,1,1,0.428571429,3,0.113821138,0,1
7500,0,0.170731707,1,0,1,3,0.422764228,1,0
8950,0.127568426,0.227642276,1,0,0.14,3,0.040650407,0,1
6950,0.843620756,0.024390244,1,0,1,4,0.162601626,1,0
7900,0.840534323,0.024390244,1,0,1,3,0.18699187,1,0
5950,0.800595887,0.138211382,0,0,0,4,0,0,1
7500,0.785595825,0.024390244,1,0,1,3,0.18699187,1,0
7500,0.755143025,0.024390244,1,0,1,5,0.227642276,1,0
6900,0.725035905,0.024390244,1,0,1,3,0.18699187,1,0
5751,0.719476212,0.024390244,0,0,1,4,0.162601626,1,0
6950,0.640821567,0.138211382,1,0,0,3,0.024390244,0,1
7950,0.639916214,0.333333333,1,0,0.428571429,5,0.081300813,0,1
7750,0.636965584,0.024390244,1,0,1,3,0.195121951,1,0
7950,0.635644591,0.024390244,1,0,1,5,0.219512195,1,0
8250,0.619689793,0.333333333,1,0,0.428571429,3,0.105691057,0,1
6250,0.613167132,0.170731707,1,0,1,5,0.219512195,1,0
9500,0.607553941,0.024390244,1,0,1,5,0.219512195,0,1
6900,0.594734958,0.024390244,1,0,1,5,0.219512195,1,0
8450,0.592590916,0.333333333,1,0,0.428571429,3,0.105691057,0,1
7350,0.576821304,0.024390244,1,0,1,3,0.18699187,1,0
8950,0.576129943,0.333333333,1,0,0.428571429,5,0.138211382,0,1
6900,0.575306894,0.024390244,0,0,1,3,0.18699187,1,0
8950,0.563989975,0.333333333,1,0,0.428571429,3,0.126829268,0,0
8750,0.563603142,0.333333333,0,0,0.428571429,3,0.105691057,0,1
7950,0.556940564,0.333333333,1,0,0.428571429,5,0.195121951,0,0
8950,0.550487862,0.024390244,1,0,1,3,0.195121951,1,0
8950,0.548989914,0.024390244,1,0,1,5,0.219512195,1,0
8950,0.546528998,0.024390244,1,0,1,5,0.219512195,1,0
7950,0.544825287,0.024390244,0,0,1,5,0.219512195,1,0
7750,0.536088626,0.333333333,0,0,0.428571429,3,0.081300813,0,1
7500,0.53497751,0.024390244,1,0,1,4,0.219512195,1,0
8950,0.52263178,0.264051396,1,0,1,5,0.219512195,1,0
9800,0.521808732,0.024390244,0,0,1,5,0.219512195,1,0
9450,0.520376627,0.333333333,1,0,0.428571429,5,0.138211382,0,1
8950,0.515121461,0.382113821,0,0,1,5,0.243902439,1,0
8750,0.514401294,0.024390244,1,0,1,3,0.18699187,1,0
10500,0.506170807,0.024390244,0,0,1,5,0.219512195,1,0
7995,0.500516463,0.138211382,0,0,0,5,0.081300813,0,1
10450,0.495471175,0.264051396,0,0,0.428571429,5,0.146341463,0,1
9950,0.493825077,0.024390244,0,0,1,4,0.162601626,1,0
9950,0.491936181,0.333333333,0,0,0.428571429,3,0.089430894,0,1
8950,0.491767456,0.333333333,1,0,0.428571429,5,0.113821138,0,1
7950,0.49089914,0.333333333,1,0,0.428571429,4,0.056910569,0,1
10950,0.489022589,0.333333333,0,0,0.428571429,3,0.105691057,0,1
9950,0.485594591,0.024390244,1,0,1,5,0.243902439,1,0
8600,0.485409405,0.333333333,1,1,0.428571429,4,0.105691057,0,1
7250,0.483985531,0.138211382,0,0,0,3,0.024390244,0,1
6950,0.481479348,0.024390244,0,0,1,3,0.18699187,1,0
8000,0.477364104,0.138211382,0,0,0,5,0.073170732,0,1
9950,0.47619126,0.333333333,0,0,0.428571429,5,0.113821138,0,1
9450,0.474034873,0.333333333,1,0,0.428571429,4,0.128455285,0,0
7950,0.473541043,0.333333333,1,0,0.428571429,3,0.089430894,0,1
9450,0.473248861,0.333333333,0,0,0.428571429,3,0.177235772,0,0
9950,0.472615114,0.333333333,1,0,0.428571429,5,0.12195122,0,1
6950,0.470709756,0.170731707,0,0,1,3,0.422764228,1,0
8250,0.467899045,0.333333333,1,0,0.428571429,5,0.105691057,0,1
9950,0.465503973,0.138211382,1,0,0,3,0.032520325,0,1
8250,0.464306437,0.138211382,1,0,0,5,0.06504065,0,1
9950,0.4613805,0.333333333,1,0,0.428571429,5,0.113821138,0,1
10500,0.460903131,0.333333333,1,0,0.428571429,3,0.105691057,0,1
7950,0.460903131,0.024390244,0,0,1,4,0.219512195,1,0
9750,0.45995251,0.333333333,0,0,0.428571429,3,0.105691057,0,1
9250,0.456182947,0.333333333,1,0,0.428571429,5,0.113821138,0,1
9500,0.45385372,0.333333333,1,0,0.428571429,3,0.081300813,0,1
9950,0.45080844,0.333333333,1,0,0.428571429,5,0.12195122,0,1
7750,0.449503907,0.333333333,0,0,0.428571429,3,0.081300813,0,1
9500,0.449174688,0.333333333,0,0,0.428571429,5,0.12195122,0,1
9950,0.447705546,0.333333333,1,0,0.428571429,4,0.056910569,0,1
9750,0.439438022,0.333333333,0,1,0.428571429,3,0.081300813,0,1
9750,0.435972988,0.138211382,0,0,0,5,0.06504065,0,1
5950,0.432096428,0.138211382,1,0,0,3,0.024390244,0,1
8500,0.432096428,0.138211382,0,0,0,5,0.06504065,0,1
8495,0.429211643,0.333333333,1,0,0.428571429,5,0.138211382,0,1
9250,0.427981185,0.138211382,0,0,0,3,0.032520325,0,1
6900,0.427981185,0.138211382,1,0,0,3,0.024390244,0,1
8950,0.425750723,0.138211382,1,0,0,3,0.040650407,0,1
9500,0.425512039,0.333333333,1,0,0.428571429,5,0.12195122,0,1
9250,0.4230717,0.138211382,0,0,0,5,0.089430894,0,1
9895,0.421783629,0.333333333,0,0,0.428571429,5,0.146341463,0,1
9950,0.420985272,0.024390244,1,0,1,5,0.219512195,1,0
7950,0.420186914,0.333333333,0,0,0.428571429,3,0.081300813,0,1
8750,0.419293907,0.333333333,1,0,0.428571429,5,0.12195122,0,1
8250,0.418890613,0.024390244,0,0,1,3,0.18699187,1,0
8950,0.417565504,0.333333333,1,0,0.428571429,3,0.105691057,0,1
8950,0.415639571,0.333333333,0,0,0.428571429,5,0.12195122,0,1
8950,0.414598414,0.333333333,1,0,0.428571429,5,0.113821138,0,1
8950,0.413783596,0.333333333,1,0,0.428571429,5,0.12195122,0,1
9450,0.410618974,0.333333333,1,0,0.428571429,5,0.138211382,0,1
8950,0.405997556,0.138211382,1,0,0,3,0.032520325,0,1
9250,0.405347347,0.333333333,1,0,0.428571429,5,0.12195122,0,1
8750,0.404487261,0.138211382,0,0,0,4,0,0,1
9950,0.40184116,0.333333333,1,0,0.428571429,3,0.105691057,0,1
9950,0.400923461,0.333333333,1,0,0.428571429,5,0.12195122,0,1
9900,0.399886419,0.138211382,0,0,0,3,0.024390244,0,1
8950,0.399363783,0.138211382,1,0,0,4,0,0,1
8950,0.395059239,0.333333333,1,0,0.428571429,3,0.081300813,0,1
12250,0.395059239,0.024390244,1,0,1,4,0.162601626,0,1
9250,0.394030428,0.333333333,1,0,0.428571429,5,0.113821138,0,1
10250,0.391548936,0.333333333,1,0,0.428571429,3,0.081300813,0,1
8950,0.390943996,0.333333333,0,0,0.428571429,3,0.081300813,0,1
7999,0.390943996,0.333333333,1,0,0.428571429,3,0.081300813,0,1
9900,0.38932259,0.333333333,0,0,0.428571429,3,0.105691057,0,1
8250,0.388902835,0.138211382,1,0,0,4,0,0,1
10500,0.384474833,0.333333333,1,0,0.428571429,5,0.12195122,0,1
8450,0.384392528,0.138211382,0,0,0,3,0.024390244,0,1
9900,0.383931621,0.333333333,1,0,0.428571429,5,0.146341463,0,1
10500,0.383116803,0.333333333,1,0,0.428571429,5,0.12195122,0,1
8500,0.38239252,0.024390244,1,0,1,4,0.162601626,1,0
9500,0.380647657,0.333333333,1,0,0.428571429,3,0.081300813,0,1
9450,0.379528311,0.333333333,0,0,0.428571429,3,0.105691057,0,1
9900,0.37656122,0.024390244,0,0,1,3,0.18699187,1,0
8250,0.375853399,0.333333333,1,0,0.428571429,3,0.081300813,0,1
8750,0.375495372,0.138211382,1,0,0,3,0.024390244,0,1
9500,0.374483023,0.333333333,1,0,0.428571429,5,0.12195122,0,1
8450,0.373359561,0.333333333,0,0,0.428571429,3,0.081300813,0,1
8490,0.370367779,0.333333333,0,0,0.428571429,3,0.081300813,0,1
8750,0.368622916,0.333333333,0,0,0.428571429,4,0.056910569,0,1
9750,0.366849246,0.138211382,1,0,0,3,0.040650407,0,1
9950,0.366252536,0.333333333,1,0,0.428571429,5,0.138211382,0,1
8500,0.365458294,0.333333333,0,0,0.428571429,3,0.081300813,0,1
8450,0.364956234,0.333333333,0,0,0.428571429,5,0.113821138,0,1
7900,0.36488216,0.333333333,1,0,0.428571429,4,0.06504065,0,1
8750,0.36411261,0.333333333,1,0,0.428571429,3,0.081300813,0,1
7950,0.362659929,0.138211382,0,0,0,3,0.024390244,0,1
6900,0.362137293,0.138211382,0,0,0,3,0.032520325,0,1
8150,0.361400664,0.138211382,1,0,0,3,0.024390244,0,1
10995,0.360713419,0.138211382,1,1,0,5,0.105691057,0,1
8900,0.357561142,0.333333333,1,0,0.428571429,3,0.081300813,0,1
9500,0.357491183,0.138211382,1,0,0,5,0.06504065,0,1
8950,0.35684509,0.333333333,1,0,0.428571429,4,0.056910569,0,1
11500,0.353450014,0.333333333,1,0,0.428571429,3,0.105691057,0,1
10450,0.349791563,0.333333333,1,0,0.428571429,3,0.081300813,0,1
10500,0.349791563,0.138211382,1,0,0,3,0.040650407,0,1
9250,0.349692797,0.333333333,1,0,0.428571429,4,0.056910569,0,1
10950,0.347972625,0.333333333,1,0,0.428571429,5,0.195121951,0,1
10450,0.347935588,0.333333333,1,0,0.428571429,5,0.12195122,0,1
9250,0.347659867,0.333333333,1,0,0.428571429,5,0.12195122,0,1
8750,0.345297717,0.333333333,1,0,0.428571429,5,0.113821138,0,1
8750,0.343865613,0.138211382,0,0,0,3,0.024390244,0,1
9800,0.341561076,0.308943089,1,1,0.428571429,5,0.162601626,0,1
8250,0.340421154,0.138211382,0,0,0,3,0.024390244,0,1
10450,0.339178351,0.333333333,1,0,0.428571429,3,0.105691057,0,1
9750,0.338491105,0.333333333,0,0,0.428571429,5,0.081300813,0,1
8950,0.337919086,0.333333333,1,0,0.428571429,3,0.089430894,0,1
7450,0.337445833,0.138211382,1,0,0,3,0.024390244,0,1
8450,0.3373018,0.138211382,1,0,0,5,0.056910569,0,1
8250,0.334359401,0.333333333,0,0,0.428571429,3,0.081300813,0,1
10950,0.334120717,0.333333333,1,0,0.428571429,3,0.105691057,0,1
8950,0.334030181,0.333333333,1,0,0.428571429,4,0.06504065,0,1
8750,0.333672155,0.138211382,0,0,0,3,0.024390244,0,1
10450,0.33215363,0.333333333,1,0,0.428571429,5,0.12195122,0,1
10950,0.331149511,0.333333333,0,0,0.428571429,5,0.138211382,0,1
8450,0.331021938,0.333333333,1,0,0.428571429,4,0.056910569,0,1
9950,0.330984901,0.333333333,1,0,0.428571429,3,0.105691057,0,1
9950,0.33096844,0.333333333,1,0,0.428571429,3,0.089430894,0,1
8750,0.330305886,0.138211382,0,0,0,3,0.024390244,0,1
9950,0.329844979,0.333333333,0,0,0.428571429,5,0.113821138,0,1
9500,0.329713291,0.333333333,0,0,0.428571429,5,0.113821138,0,1
8250,0.329569257,0.333333333,1,0,0.428571429,4,0.056910569,0,1
10950,0.329215347,0.333333333,1,0,0.428571429,5,0.12195122,0,1
7950,0.329215347,0.138211382,0,0,0,5,0.024390244,0,1
8250,0.329215347,0.138211382,1,0,0,2,0.024390244,0,1
9895,0.328630982,0.333333333,1,0,0.428571429,4,0.06504065,0,1
9130,0.328235919,0.138211382,1,0,0,3,0.024390244,0,1
10950,0.327816164,0.138211382,0,1,0,5,0.105691057,0,1
10500,0.32571739,0.333333333,1,0,0.428571429,5,0.12195122,0,1
8900,0.325100103,0.333333333,1,0,0.428571429,3,0.081300813,0,1
9500,0.324914917,0.138211382,1,0,0,5,0.073170732,0,1
10950,0.324071292,0.170731707,1,0,0.964285714,5,0.25203252,1,0
7950,0.323128902,0.138211382,0,0,0,3,0.024390244,0,1
7950,0.322449887,0.138211382,1,0,0,3,0.024390244,0,1
7950,0.321297619,0.138211382,1,0,0,3,0.024390244,0,1
9500,0.32124412,0.308943089,1,1,0.428571429,5,0.162601626,0,1
10950,0.320248231,0.333333333,1,0,0.428571429,5,0.12195122,0,1
9750,0.319729711,0.333333333,1,0,0.428571429,4,0.056910569,0,1
9750,0.318927238,0.333333333,1,0,0.428571429,3,0.081300813,0,1
9450,0.318750283,0.333333333,1,0,0.428571429,3,0.089430894,0,1
8950,0.316988959,0.138211382,1,0,0,3,0.024390244,0,1
8950,0.316902539,0.138211382,1,0,0,3,0.024390244,0,1
8900,0.316009531,0.333333333,1,0,0.428571429,5,0.113821138,0,1
9950,0.315635044,0.138211382,1,0,0,5,0.056910569,0,1
8750,0.315095947,0.138211382,1,0,0,3,0.032520325,0,1
8950,0.313421043,0.333333333,1,0,0.428571429,5,0.12195122,0,1
8990,0.313392236,0.333333333,1,0,0.428571429,4,0.056910569,0,1
8950,0.311145313,0.138211382,1,0,0,3,0.024390244,0,1
8950,0.310980704,0.024390244,1,0,1,3,0.195121951,1,0
9950,0.31040457,0.333333333,1,0,0.428571429,3,0.105691057,0,1
9900,0.30863913,0.333333333,1,0,0.428571429,5,0.12195122,0,1
8950,0.30863913,0.138211382,0,0,0,3,0.024390244,0,1
8950,0.30863913,0.333333333,1,0,0.428571429,5,0.113821138,0,1
9500,0.308486866,0.308943089,0,1,0.428571429,3,0.138211382,0,1
7950,0.308182338,0.138211382,1,0,0,3,0.024390244,0,1
7750,0.308124725,0.333333333,0,0,0.428571429,5,0.113821138,0,1
8950,0.307597974,0.333333333,1,0,0.428571429,5,0.12195122,0,1
11950,0.307486862,0.333333333,1,0,0.428571429,5,0.138211382,0,1
8950,0.306404553,0.333333333,0,0,0.428571429,5,0.12195122,0,1
11950,0.305910724,0.138211382,0,0,0,5,0.056910569,0,1
8950,0.305791382,0.333333333,0,0,0.428571429,3,0.081300813,0,1
9950,0.305318129,0.333333333,1,0,0.428571429,3,0.081300813,0,1
8250,0.305260515,0.333333333,1,0,0.428571429,3,0.081300813,0,1
8995,0.304260511,0.138211382,1,0,0,5,0.081300813,0,1
9995,0.304087671,0.333333333,1,0,0.428571429,3,0.105691057,0,1
9250,0.302466265,0.333333333,1,0,0.428571429,3,0.081300813,0,1
10950,0.301955975,0.333333333,0,0,0.428571429,5,0.113821138,0,1
8900,0.301643217,0.138211382,1,0,0,3,0.024390244,0,1
9500,0.301116465,0.333333333,1,0,0.428571429,5,0.12195122,0,1
9950,0.300112346,0.333333333,1,0,0.428571429,5,0.12195122,0,1
7950,0.299914814,0.138211382,1,0,0.045714286,3,0.024390244,0,1
8250,0.298441557,0.333333333,1,0,0.428571429,3,0.081300813,0,1
9450,0.2962934,0.138211382,1,0,0,3,0.024390244,0,1
7950,0.2962934,0.138211382,0,0,0,3,0.024390244,0,1
9500,0.293684336,0.333333333,0,0,0.428571429,3,0.105691057,0,1
8950,0.293482689,0.333333333,1,0,0.428571429,3,0.081300813,0,1
10950,0.292178157,0.333333333,0,0,0.428571429,5,0.113821138,0,1
8950,0.291988856,0.333333333,0,0,0.428571429,3,0.081300813,0,1
9450,0.291799555,0.138211382,0,0,0,5,0.056910569,0,1
8000,0.29036745,0.333333333,1,0,0.428571429,3,0.081300813,0,1
9900,0.290334528,0.333333333,0,0,0.428571429,5,0.12195122,0,1
8950,0.290120535,0.333333333,1,0,0.428571429,5,0.056910569,0,1
10900,0.289927119,0.024390244,0,0,1,5,0.219512195,1,0
9450,0.288960037,0.333333333,1,0,0.428571429,3,0.081300813,0,1
8450,0.288540282,0.333333333,1,0,0.428571429,4,0.056910569,0,1
9500,0.28834275,0.333333333,1,0,0.428571429,5,0.12195122,0,1
10500,0.288062914,0.308943089,1,1,0.41,3,0.105691057,0,1
6950,0.288062914,0.138211382,1,0,0,3,0.024390244,0,1
9750,0.284371541,0.333333333,0,0,0.428571429,4,0.056910569,0,1
6950,0.284038206,0.138211382,1,0,0,5,0.056910569,0,1
9650,0.283947671,0.333333333,1,0,0.428571429,3,0.105691057,0,1
9950,0.283392113,0.333333333,1,0,0.428571429,3,0.105691057,0,1
9250,0.282807748,0.138211382,0,0,0,3,0.040650407,0,1
8950,0.281696632,0.333333333,1,0,0.428571429,5,0.113821138,0,1
9900,0.280811855,0.138211382,0,0,0,5,0.081300813,0,1
10995,0.28046206,0.333333333,1,0,0.428571429,5,0.138211382,0,1
10500,0.279832427,0.333333333,0,0,0.428571429,5,0.12195122,0,1
8950,0.279832427,0.138211382,1,0,0,3,0.024390244,0,1
9750,0.278852999,0.333333333,1,0,0.428571429,3,0.105691057,0,1
10950,0.27631801,0.333333333,1,0,0.428571429,5,0.12195122,0,1
9750,0.276169861,0.138211382,1,0,0,5,0.056910569,0,1
9950,0.275758336,0.333333333,1,0,0.428571429,3,0.105691057,0,1
10500,0.27572953,0.333333333,1,0,0.428571429,4,0.056910569,0,1
10400,0.274832407,0.138211382,0,1,0,3,0.073170732,0,1
8800,0.273865325,0.138211382,0,0,0.045714286,3,0.016260163,0,1
10500,0.272667789,0.333333333,1,0,0.428571429,3,0.105691057,0,1
9250,0.271939391,0.333333333,1,0,0.428571429,5,0.113821138,0,1
7800,0.271601941,0.138211382,1,0,0,3,0.024390244,0,1
9950,0.271601941,0.333333333,0,0,0.428571429,3,0.081300813,0,1
10750,0.271173955,0.333333333,1,0,0.428571429,3,0.105691057,0,1
10950,0.270717163,0.333333333,1,0,0.428571429,5,0.12195122,0,1
9950,0.269597817,0.333333333,1,1,0.428571429,4,0.113821138,0,1
9950,0.269392055,0.333333333,1,0,0.428571429,5,0.113821138,0,1
8100,0.269132795,0.138211382,1,0,0,4,0,0,1
9250,0.268552545,0.333333333,1,0,0.428571429,3,0.081300813,0,1
7800,0.267486697,0.333333333,1,0,0.428571429,3,0.081300813,0,1
9000,0.267486697,0.333333333,0,0,0.428571429,5,0.113821138,0,1
8950,0.267486697,0.333333333,0,0,0.428571429,4,0.056910569,0,1
8950,0.267346779,0.138211382,1,0,0,3,0.032520325,0,1
9950,0.267280935,0.333333333,1,0,0.428571429,5,0.12195122,0,1
8500,0.267132787,0.333333333,1,0,0.428571429,5,0.113821138,0,1
7995,0.266651303,0.333333333,1,0,0.428571429,5,0.12195122,0,1
8750,0.266548422,0.333333333,1,0,0.428571429,3,0.081300813,0,1
9750,0.266210972,0.138211382,0,0,0,3,0.032520325,0,1
10950,0.265964057,0.333333333,0,0,0.428571429,5,0.113821138,0,1
9750,0.265894098,0.333333333,1,0,0.428571429,5,0.138211382,0,1
8200,0.264947592,0.138211382,1,0,0,3,0.024390244,0,1
8950,0.263371454,0.333333333,1,0,0.428571429,5,0.12195122,0,1
9500,0.26288174,0.138211382,0,0,0,3,0.024390244,0,1
10950,0.262836473,0.024390244,0,0,1,5,0.219512195,1,0
9750,0.260606011,0.138211382,0,1,0,5,0.105691057,0,1
9950,0.259256211,0.138211382,1,1,0,5,0.105691057,0,1
10450,0.259256211,0.138211382,0,1,0,3,0.081300813,0,1
9850,0.256770604,0.333333333,0,0,0.428571429,3,0.081300813,0,1
9450,0.256692414,0.333333333,1,0,0.428571429,5,0.12195122,0,1
10295,0.256441385,0.333333333,1,0,0.428571429,3,0.081300813,0,1
9750,0.256342619,0.333333333,1,0,0.428571429,3,0.105691057,0,1
8950,0.256066897,0.333333333,1,0,0.428571429,3,0.081300813,0,1
9900,0.256054552,0.333333333,0,0,0.428571429,5,0.12195122,0,1
8750,0.255696526,0.138211382,1,0,0,5,0.056910569,0,1
9950,0.255239733,0.333333333,1,0,0.428571429,5,0.12195122,0,1
8500,0.255046317,0.138211382,1,0,0,3,0.024390244,0,1
9950,0.254852901,0.333333333,1,0,0.428571429,4,0.056910569,0,1
10950,0.25383232,0.333333333,0,0,0.428571429,3,0.081300813,0,1
9795,0.253363183,0.333333333,1,0,0.428571429,4,0.056910569,0,1
8750,0.253099807,0.333333333,1,0,0.428571429,4,0.056910569,0,1
8250,0.252605978,0.333333333,1,0,0.428571429,3,0.081300813,0,1
9950,0.252437253,0.333333333,1,0,0.428571429,5,0.12195122,0,1
9950,0.252070996,0.333333333,0,0,0.428571429,5,0.12195122,0,1
10500,0.251708855,0.333333333,1,0,0.428571429,3,0.081300813,0,1
9750,0.251638896,0.138211382,1,0,0,5,0.06504065,0,1
11250,0.251618319,0.333333333,1,0,0.428571429,5,0.146341463,0,1
8900,0.25154836,0.333333333,1,0,0.428571429,3,0.081300813,0,1
7950,0.251437249,0.138211382,1,0,0,3,0.024390244,0,1
11500,0.251437249,0.333333333,1,0,0.428571429,5,0.12195122,0,1
9450,0.251025724,0.333333333,1,0,0.428571429,3,0.081300813,0,1
7995,0.249889917,0.138211382,1,0,0,3,0.024390244,0,1
10995,0.249824073,0.138211382,1,0,0,5,0.073170732,0,1
8950,0.249099791,0.333333333,1,0,0.428571429,3,0.081300813,0,1
8250,0.246910481,0.138211382,0,1,0,4,0.048780488,0,1
8950,0.246910481,0.138211382,1,0,0,3,0.024390244,0,1
8950,0.246910481,0.138211382,1,0,0,3,0.024390244,0,1
9500,0.244009235,0.138211382,0,0,0,5,0.056910569,0,1
7500,0.243881662,0.138211382,0,0,0,3,0.024390244,0,1
8950,0.242795238,0.333333333,0,0,0.428571429,3,0.081300813,0,1
9950,0.242795238,0.138211382,1,0,0,5,0.056910569,0,1
9750,0.242795238,0.333333333,0,0,0.428571429,5,0.12195122,0,1
9450,0.242795238,0.333333333,1,0,0.428571429,5,0.113821138,0,1
9950,0.242795238,0.333333333,0,0,0.428571429,3,0.081300813,0,1
9750,0.242219104,0.333333333,1,0,0.428571429,3,0.089430894,0,1
8950,0.242091531,0.333333333,0,0,0.428571429,3,0.081300813,0,1
8250,0.241371364,0.333333333,1,0,0.428571429,5,0.113821138,0,1
7750,0.239914568,0.138211382,1,0,0,3,0.024390244,0,1
8950,0.239786995,0.333333333,1,0,0.428571429,3,0.081300813,0,1
9950,0.239239668,0.333333333,1,0,0.428571429,5,0.12195122,0,1
9450,0.239145017,0.308943089,1,1,0.428571429,3,0.138211382,0,1
12950,0.238918679,0.333333333,1,0,0.428571429,3,0.105691057,0,1
9950,0.238679995,0.333333333,1,0,0.428571429,3,0.081300813,0,1
10495,0.238679995,0.333333333,1,0,0.428571429,3,0.105691057,0,1
7950,0.236889864,0.138211382,1,0,0,5,0.056910569,0,1
10500,0.236264347,0.308943089,0,1,0.428571429,5,0.18699187,0,1
8950,0.236103852,0.333333333,1,0,0.428571429,5,0.12195122,0,1
9900,0.23530138,0.333333333,1,0,0.428571429,5,0.12195122,0,1
9995,0.235260227,0.333333333,1,0,0.428571429,3,0.105691057,0,1
9950,0.235075041,0.333333333,1,0,0.428571429,3,0.105691057,0,1
9950,0.234564751,0.333333333,1,0,0.428571429,3,0.081300813,0,1
8250,0.234564751,0.333333333,0,0,0.428571429,3,0.081300813,0,1
9950,0.234564751,0.138211382,1,0,0,5,0.056910569,0,1
8950,0.231515356,0.138211382,0,0,0,3,0.024390244,0,1
10950,0.231309594,0.308943089,1,1,0.428571429,3,0.130081301,0,1
9250,0.230754036,0.138211382,0,0,0,4,0,0,1
9950,0.230210824,0.333333333,1,0,0.428571429,5,0.113821138,0,1
9995,0.22980753,0.138211382,1,0,0,5,0.073170732,0,1
8750,0.229408351,0.138211382,0,0,0,3,0.032520325,0,1
10950,0.228301351,0.138211382,0,0,0,5,0.073170732,0,1
10350,0.22668406,0.308943089,0,1,0.428571429,5,0.170731707,0,1
9950,0.226585295,0.333333333,1,0,0.428571429,5,0.113821138,0,1
8950,0.226334265,0.138211382,1,0,0,3,0.024390244,0,1
10950,0.226334265,0.333333333,0,0,0.428571429,5,0.12195122,0,1
10950,0.226070889,0.333333333,1,0,0.428571429,5,0.12195122,0,1
8950,0.225819859,0.333333333,1,0,0.428571429,5,0.113821138,0,1
8900,0.225704633,0.333333333,0,0,0.428571429,3,0.081300813,0,1
10250,0.224498866,0.333333333,1,0,0.428571429,3,0.105691057,0,1
9450,0.222733427,0.333333333,1,0,0.428571429,5,0.056910569,0,1
9250,0.222219021,0.333333333,1,0,0.428571429,3,0.089430894,0,1
10500,0.222219021,0.333333333,1,0,0.428571429,5,0.12195122,0,1
7350,0.222219021,0.138211382,0,0,0,5,0.056910569,0,1
10250,0.222219021,0.333333333,1,0,0.428571429,3,0.219512195,0,1
10250,0.219276623,0.333333333,1,0,0.428571429,5,0.12195122,0,1
11500,0.218321886,0.333333333,1,0,0.428571429,5,0.12195122,0,1
8950,0.218103778,0.333333333,1,1,0.41,3,0.12195122,0,1
7750,0.218103778,0.138211382,0,0,0,3,0.024390244,0,1
9500,0.21797209,0.333333333,1,0,0.428571429,3,0.081300813,0,1
8450,0.21728073,0.138211382,1,0,0,3,0.024390244,0,1
8950,0.216243688,0.333333333,0,0,0.428571429,3,0.081300813,0,1
8400,0.215992658,0.333333333,1,0,0.428571429,4,0.056910569,0,1
9250,0.215564673,0.138211382,0,0,0,3,0.024390244,0,1
8900,0.214449442,0.333333333,1,0,0.428571429,4,0.056910569,0,1
8750,0.212803345,0.333333333,0,0,0.428571429,3,0.081300813,0,1
10950,0.211605809,0.333333333,0,1,0.428571429,5,0.170731707,0,1
8950,0.210840374,0.138211382,1,0,0,4,0,0,1
8950,0.209873292,0.138211382,1,0,0,3,0.024390244,0,1
8895,0.209564648,0.333333333,1,0,0.428571429,5,0.113821138,0,1
9390,0.209074934,0.138211382,0,0,0,3,0.780487805,0,1
8750,0.207688097,0.333333333,1,0,0.428571429,5,0.113821138,0,1
9750,0.206469985,0.333333333,1,0,0.428571429,5,0.12195122,0,1
9950,0.205758048,0.333333333,1,0,0.428571429,5,0.12195122,0,1
10950,0.205519364,0.333333333,0,0,0.428571429,3,0.105691057,0,1
9900,0.204050222,0.333333333,0,0,0.428571429,5,0.138211382,0,1
9500,0.202704538,0.333333333,1,0,0.428571429,4,0.056910569,0,1
9950,0.201642805,0.333333333,0,0,0.428571429,3,0.081300813,0,1
9950,0.200564611,0.333333333,0,0,0.428571429,5,0.089430894,0,1
10500,0.196498751,0.138211382,1,0,0,5,0.06504065,0,1
9950,0.195930847,0.138211382,0,0,0,3,0.024390244,0,1
10495,0.19546994,0.138211382,1,0,0,5,0.056910569,0,1
9500,0.194387631,0.333333333,0,0,0.428571429,3,0.081300813,0,1
8500,0.194116025,0.138211382,1,0,0,3,0.024390244,0,1
10450,0.193659233,0.333333333,0,0,0.428571429,4,0.056910569,0,1
8950,0.193469932,0.138211382,1,0,0,3,0.024390244,0,1
9900,0.193120136,0.138211382,1,0,0,3,0.040650407,0,1
8900,0.189297075,0.138211382,0,0,0,5,0.056910569,0,1
8745,0.187984313,0.333333333,0,0,0.428571429,3,0.081300813,0,1
8750,0.187441101,0.138211382,1,0,0,3,0.024390244,0,1
10750,0.185181832,0.333333333,1,0,0.428571429,5,0.081300813,0,1
9750,0.185181832,0.333333333,1,0,0.428571429,3,0.081300813,0,1
8850,0.185181832,0.333333333,0,0,0.428571429,5,0.12195122,0,1
7950,0.185181832,0.138211382,1,0,0,5,0.056910569,0,1
9450,0.185181832,0.333333333,1,0,0.428571429,4,0.056910569,0,1
9950,0.185181832,0.308943089,0,1,0.428571429,3,0.138211382,0,1
8250,0.184951378,0.333333333,1,0,0.428571429,4,0.056910569,0,1
9950,0.183523389,0.138211382,1,0,0,3,0.024390244,0,1
9995,0.18295137,0.138211382,0,0,0,3,0.024390244,0,1
9950,0.180317614,0.333333333,0,0,0.428571429,5,0.113821138,0,1
10495,0.178704439,0.333333333,1,0,0.428571429,5,0.113821138,0,1
7950,0.176951345,0.333333333,1,1,0.428571429,4,0.185365854,0,1
8950,0.176951345,0.333333333,1,0,0.428571429,5,0.056910569,0,1
9695,0.176951345,0.333333333,0,0,0.428571429,5,0.12195122,0,1
7750,0.176951345,0.138211382,1,0,0,3,0.024390244,0,1
9950,0.175922535,0.333333333,1,0,0.428571429,3,0.081300813,0,1
9950,0.173255857,0.333333333,1,0,0.428571429,5,0.12195122,0,1
9950,0.171132391,0.333333333,1,0,0.428571429,5,0.185365854,0,1
9900,0.169543908,0.333333333,1,0,0.428571429,5,0.113821138,0,1
10950,0.165486278,0.138211382,0,0,0,3,0.040650407,0,1
8950,0.164605616,0.138211382,1,0,0,4,0,0,1
8950,0.161403956,0.138211382,1,1,0,3,0.073170732,0,1
8250,0.161082967,0.333333333,1,0,0.428571429,3,0.081300813,0,1
10250,0.160490372,0.333333333,1,0,0.428571429,5,0.12195122,0,1
8750,0.156453319,0.333333333,1,0,0.428571429,5,0.113821138,0,1
9750,0.155383355,0.333333333,1,0,0.428571429,5,0.113821138,0,1
10950,0.154317507,0.333333333,0,0,0.428571429,5,0.138211382,0,1
10950,0.152716678,0.333333333,1,0,0.428571429,3,0.081300813,0,1
9750,0.152259886,0.138211382,0,0,0,3,0.024390244,0,1
8900,0.152070585,0.333333333,1,0,0.428571429,3,0.081300813,0,1
9500,0.152025317,0.333333333,0,0,0.428571429,5,0.113821138,0,1
9950,0.151943012,0.138211382,0,0,0,5,0.081300813,0,1
9950,0.150852473,0.333333333,0,0,0.428571429,3,0.081300813,0,1
8250,0.148144643,0.138211382,1,0,0,3,0.024390244,0,1
10450,0.148144643,0.333333333,1,0,0.428571429,3,0.105691057,0,1
10950,0.146136404,0.333333333,1,0,0.428571429,3,0.105691057,0,1
9250,0.145194013,0.138211382,1,0,0,3,0.024390244,0,1
8900,0.144029399,0.333333333,1,0,0.428571429,3,0.081300813,0,1
10900,0.144029399,0.138211382,1,0,0,5,0.073170732,0,1
9750,0.140383294,0.333333333,0,0,0.428571429,3,0.081300813,0,1
11950,0.139914156,0.333333333,0,0,0.428571429,5,0.12195122,0,1
7900,0.139284524,0.138211382,1,0,0,4,0,0,1
10900,0.138000568,0.333333333,0,0,0.428571429,4,0.056910569,0,1
10450,0.135798913,0.333333333,0,0,0.428571429,3,0.081300813,0,1
10950,0.132300956,0.333333333,1,0,0.428571429,5,0.138211382,0,1
9950,0.129988189,0.138211382,1,0,0,3,0.024390244,0,1
10750,0.129543743,0.333333333,1,0,0.428571429,3,0.105691057,0,1
9900,0.128831806,0.333333333,1,0,0.428571429,5,0.113821138,0,1
10750,0.127568426,0.333333333,1,0,0.428571429,4,0.056910569,0,1
10450,0.126062247,0.333333333,1,0,0.428571429,5,0.12195122,0,1
9450,0.124687756,0.138211382,1,0,0,4,0,0,1
10750,0.117280318,0.138211382,1,1,0,3,0.073170732,0,1
10950,0.117280318,0.333333333,0,0,0.428571429,5,0.12195122,0,1
10000,0.115222696,0.138211382,1,0,0,3,0.024390244,0,1
10500,0.10986465,0.333333333,0,0,0.428571429,3,0.089430894,0,1
12500,0.10699221,0.308943089,1,1,0.428571429,3,0.138211382,0,1
8950,0.104955164,0.138211382,1,0,0,5,0.056910569,0,1
10500,0.102876967,0.333333333,1,0,0.428571429,5,0.12195122,0,1
9245,0.093967465,0.333333333,1,0,0.428571429,3,0.081300813,0,1
10950,0.093432483,0.333333333,1,0,0.428571429,5,0.12195122,0,1
9500,0.09126375,0.138211382,1,0,0,3,0.024390244,0,1
10900,0.071374779,0.333333333,1,0,0.428571429,3,0.081300813,0,1
10950,0.063926189,0.138211382,1,1,0,4,0.048780488,0,1
9450,0.062177211,0.138211382,0,0,0,5,0.056910569,0,1
5900,0.958600653,0.024390244,0,0,1,5,0.279674797,1,0
6950,0.897604517,0.024390244,0,0,1,5,0.243902439,1,0
6000,0.896147721,0.024390244,1,0,1,5,0.219512195,1,0
5250,0.85232038,0.333333333,1,0,0.428571429,5,0.185365854,0,0
4400,0.836435541,0.024390244,1,0,1,3,0.219512195,1,0
6750,0.261865275,0.024390244,1,0,1,4,0.162601626,1,0
8500,0.812760546,0.024390244,0,0,1,5,0.219512195,1,0
6150,0.801501241,0.024390244,0,0,1,3,0.195121951,1,0
6950,0.788558801,0.024390244,0,0,1,5,0.243902439,1,0
5750,0.754225326,0.024390244,0,0,1,3,0.18699187,1,0
8750,0.742295236,0.024390244,1,0,1,4,0.162601626,0,1
6500,0.735801382,0.024390244,0,0,1,3,0.18699187,1,0
5950,0.725007099,0.333333333,1,0,0.428571429,5,0.12195122,0,1
6500,0.724278701,0.138211382,0,0,0,5,0.056910569,0,1
10500,0.711850666,0.024390244,1,0,1,5,0.219512195,1,0
8500,0.699587241,0.024390244,0,0,1,4,0.162601626,1,0
7950,0.674895781,0.333333333,1,0,0.428571429,3,0.081300813,0,1
5800,0.665739365,0.138211382,1,0,0,3,0.024390244,0,1
6750,0.658434808,0.138211382,0,0,0,3,0.024390244,0,1
6950,0.658303121,0.024390244,0,0,1,3,0.18699187,1,0
5740,0.658056206,0.333333333,0,0,0.428571429,3,0.081300813,0,1
6550,0.652229022,0.138211382,0,0,0,3,0.024390244,0,1
8950,0.642813345,0.024390244,1,0,1,3,0.18699187,1,0
6750,0.642669311,0.138211382,1,0,0,5,0.056910569,0,1
7950,0.638722793,0.333333333,0,0,0.428571429,3,0.081300813,0,1
7950,0.637858592,0.024390244,0,0,1,3,0.18699187,1,0
7450,0.637447068,0.024390244,1,0,1,5,0.227642276,1,0
7750,0.622632192,0.024390244,1,0,1,5,0.243902439,1,0
6450,0.621397619,0.333333333,1,0,0.428571429,5,0.152845528,0,0
7900,0.617282376,0.024390244,1,0,1,3,0.219512195,1,0
6900,0.602072437,0.024390244,1,0,1,3,0.18699187,1,0
5600,0.601632105,0.138211382,0,0,0,3,0.024390244,0,1
5950,0.600804942,0.333333333,0,0,0.428571429,4,0.056910569,0,1
6950,0.590780209,0.138211382,1,1,0,3,0.073170732,0,1
7950,0.57261141,0.032520325,0,0,1,2,0.18699187,1,0
8950,0.569957078,0.138211382,0,0,0,5,0.081300813,0,1
7950,0.566833608,0.170731707,1,0,1,5,0.219512195,1,0
9500,0.564516726,0.170731707,1,0,1,5,0.219512195,1,0
8600,0.555096935,0.024390244,1,0,1,3,0.18699187,1,0
5950,0.554154544,0.024390244,0,0,1,5,0.219512195,1,0
7750,0.553656599,0.333333333,1,0,0.428571429,5,0.113821138,0,1
7950,0.541150375,0.024390244,0,0,1,5,0.227642276,1,0
6950,0.540356133,0.333333333,1,0,0.428571429,3,0.081300813,0,1
7250,0.535080391,0.333333333,1,0,0.428571429,3,0.081300813,0,1
6500,0.53497751,0.138211382,1,0,0,5,0.024390244,0,1
7250,0.530697657,0.333333333,1,0,0.428571429,5,0.113821138,0,1
9250,0.528191474,0.333333333,1,0,0.428571429,5,0.113821138,0,1
8250,0.526771715,0.333333333,1,0,0.428571429,3,0.081300813,0,1
7250,0.523286104,0.024390244,1,0,1,3,0.18699187,1,0
5250,0.520483623,0.333333333,1,0,0.428571429,4,0.056910569,0,1
7900,0.518516537,0.333333333,1,0,0.428571429,5,0.081300813,0,1
6900,0.517602953,0.333333333,0,0,0.428571429,3,0.081300813,0,1
7900,0.516047391,0.333333333,0,0,0.428571429,3,0.081300813,0,1
7250,0.514030922,0.024390244,0,0,1,5,0.219512195,1,0
8450,0.513343676,0.333333333,1,0,0.428571429,3,0.081300813,0,1
7950,0.512718159,0.333333333,1,0,0.428571429,5,0.12195122,0,1
7950,0.510520619,0.333333333,1,0,0.428571429,3,0.081300813,0,1
6450,0.50782925,0.333333333,1,0,0.428571429,3,0.081300813,0,1
6650,0.506598793,0.333333333,1,0,0.428571429,5,0.113821138,0,1
7950,0.506487681,0.138211382,1,0,0,3,0.024390244,0,1
7250,0.505430063,0.138211382,0,0,0,5,0.06504065,0,1
7450,0.503248985,0.333333333,0,0,0.428571429,3,0.081300813,0,1
7950,0.50164404,0.333333333,1,0,0.428571429,4,0.056910569,0,1
7250,0.500183128,0.333333333,1,0,0.428571429,5,0.113821138,0,1
8250,0.495775703,0.024390244,1,0,1,3,0.18699187,1,0
8950,0.494907386,0.024390244,1,0,1,5,0.219512195,1,0
7750,0.494631665,0.333333333,1,0,0.428571429,3,0.081300813,0,1
8500,0.493825077,0.333333333,0,0,0.428571429,5,0.138211382,0,1
7750,0.493825077,0.333333333,0,0,0.428571429,5,0.12195122,0,1
5750,0.476857929,0.333333333,0,0,0.428571429,4,0.056910569,0,1
6900,0.47466862,0.333333333,1,0,0.428571429,5,0.113821138,0,1
6500,0.473894954,0.333333333,1,0,0.428571429,3,0.081300813,0,1
6500,0.473248861,0.308943089,1,1,0.428571429,5,0.162601626,0,1
7600,0.470195351,0.138211382,1,0,0,5,0.081300813,0,1
8950,0.464866111,0.024390244,1,0,1,5,0.219512195,1,0
7450,0.462166511,0.333333333,1,0,0.428571429,5,0.113821138,0,1
7350,0.261865275,0.138211382,1,0,0,3,0.024390244,0,1
7750,0.459265264,0.138211382,1,0,0,3,0.024390244,0,1
7460,0.458401063,0.333333333,0,0,0.425714286,3,0.13495935,0,0
9250,0.456380479,0.333333333,1,0,0.428571429,5,0.138211382,0,1
7250,0.456322866,0.333333333,1,0,0.428571429,3,0.089430894,0,1
6500,0.455281709,0.138211382,1,0,0,3,0.024390244,0,1
6800,0.452672645,0.333333333,1,0,0.428571429,4,0.056910569,0,1
8700,0.450779633,0.333333333,0,0,0.428571429,5,0.138211382,0,1
7500,0.44963971,0.333333333,0,0,0.428571429,5,0.113821138,0,1
7750,0.44245038,0.333333333,1,0,0.428571429,3,0.081300813,0,1
7950,0.440771361,0.333333333,1,0,0.428571429,3,0.081300813,0,1
9950,0.440326915,0.333333333,1,0,0.428571429,3,0.081300813,0,1
6640,0.437240482,0.333333333,0,0,0.428571429,5,0.113821138,0,1
8750,0.436828958,0.138211382,0,0,0,3,0.024390244,0,1
7750,0.436656118,0.333333333,1,0,0.428571429,3,0.081300813,0,1
5950,0.435619077,0.138211382,0,0,0,3,0.024390244,0,1
6750,0.432721945,0.138211382,0,0,0,3,0.024390244,0,1
6500,0.432651986,0.333333333,1,0,0.428571429,3,0.081300813,0,1
8750,0.429396829,0.333333333,1,0,0.428571429,3,0.081300813,0,1
7950,0.428598472,0.333333333,1,0,0.428571429,3,0.081300813,0,1
6750,0.427981185,0.138211382,1,0,0,3,0.016260163,0,1
7950,0.424363886,0.138211382,1,0,0,5,0.056910569,0,1
7950,0.420985272,0.138211382,1,0,0,3,0.024390244,0,1
8950,0.419771275,0.308943089,1,1,0.428571429,5,0.170731707,0,1
7750,0.419750699,0.138211382,1,0,0,3,0.024390244,0,1
6450,0.419153988,0.333333333,1,0,0.428571429,5,0.113821138,0,1
6900,0.418816538,0.333333333,0,0,0.428571429,3,0.081300813,0,1
8450,0.416289779,0.333333333,1,0,0.428571429,5,0.138211382,0,1
6750,0.415635455,0.138211382,0,0,0,3,0.024390244,0,1
8050,0.41453257,0.138211382,1,1,0,4,0.048780488,0,1
9500,0.414479072,0.333333333,0,0,0.428571429,5,0.113821138,0,1
7750,0.413524335,0.333333333,0,0,0.428571429,4,0.056910569,0,1
8500,0.413404993,0.333333333,0,0,0.428571429,5,0.138211382,0,1
7795,0.412310339,0.333333333,1,0,0.428571429,3,0.081300813,0,1
6490,0.412026387,0.333333333,1,0,0.428571429,3,0.081300813,0,1
7950,0.41140087,0.333333333,1,0,0.428571429,3,0.081300813,0,1
6425,0.40903872,0.138211382,0,0,0,5,0.056910569,0,1
8950,0.40894407,0.138211382,1,0,0,5,0.056910569,0,1
6950,0.408413203,0.333333333,1,0,0.428571429,5,0.185365854,0,1
8750,0.406343236,0.333333333,0,0,0.428571429,5,0.138211382,0,1
8450,0.403923473,0.333333333,1,0,0.428571429,3,0.081300813,0,1
7950,0.403289725,0.333333333,1,0,0.428571429,5,0.105691057,0,1
7950,0.401429636,0.138211382,0,0,0,5,0.056910569,0,1
8900,0.401372022,0.333333333,1,0,0.428571429,5,0.113821138,0,1
8950,0.401207412,0.333333333,1,0,0.428571429,5,0.138211382,0,1
8900,0.399524278,0.333333333,1,0,0.428571429,5,0.138211382,0,1
7950,0.399174482,0.333333333,0,0,0.428571429,4,0.056910569,0,1
6495,0.396302042,0.138211382,1,0,0,3,0.024390244,0,1
7250,0.395059239,0.138211382,1,0,0,3,0.024390244,0,1
9250,0.395059239,0.333333333,1,0,0.428571429,5,0.138211382,0,1
6650,0.394684752,0.333333333,1,0,0.428571429,5,0.113821138,0,1
6990,0.393824666,0.333333333,0,0,0.428571429,5,0.138211382,0,1
7750,0.393623019,0.333333333,1,0,0.428571429,5,0.113821138,0,1
6950,0.390943996,0.138211382,1,0,0,5,0.056910569,0,1
7250,0.388668266,0.333333333,0,0,0.428571429,3,0.081300813,0,1
9950,0.387153857,0.333333333,1,0,0.428571429,5,0.138211382,0,1
9250,0.386174429,0.333333333,0,0,0.428571429,5,0.113821138,0,1
7200,0.383083881,0.138211382,1,0,0,5,0.056910569,0,1
8250,0.382985115,0.333333333,1,0,0.428571429,5,0.12195122,0,1
8950,0.382874004,0.333333333,1,0,0.428571429,3,0.081300813,0,1
8250,0.382713509,0.333333333,1,0,0.428571429,5,0.12195122,0,1
6250,0.382013918,0.138211382,1,0,0,3,0.024390244,0,1
9900,0.379647653,0.308943089,0,1,0.428571429,5,0.170731707,0,1
7300,0.378993329,0.138211382,1,0,0,5,0.056910569,0,1
8950,0.378273162,0.138211382,1,0,0,3,0.032520325,0,1
6500,0.378186742,0.138211382,1,0,0,3,0.024390244,0,1
7950,0.376125005,0.333333333,1,0,0.428571429,5,0.113821138,0,1
7450,0.374820473,0.333333333,1,0,0.428571429,3,0.081300813,0,1
7950,0.371890419,0.138211382,1,0,0,5,0.056910569,0,1
8500,0.371787538,0.138211382,1,0,0,5,0.056910569,0,1
6950,0.371622928,0.138211382,1,0,0,3,0.024390244,0,1
7950,0.370413047,0.138211382,0,1,0,3,0.073170732,0,1
6750,0.370367779,0.138211382,1,0,0,3,0.024390244,0,1
8450,0.37029782,0.333333333,0,0,0.428571429,3,0.089430894,0,1
7500,0.370174363,0.333333333,0,0,0.428571429,5,0.185365854,0,1
8750,0.369544731,0.024390244,1,0,1,3,0.18699187,1,0
8750,0.369293701,0.138211382,1,0,0,5,0.056910569,0,1
8950,0.368392463,0.333333333,1,0,0.428571429,3,0.081300813,0,1
7450,0.368338964,0.138211382,0,0,0,3,0.024390244,0,1
9200,0.366647599,0.333333333,1,0,0.428571429,5,0.138211382,0,1
8950,0.365017963,0.333333333,1,0,0.428571429,3,0.081300813,0,1
7850,0.364194914,0.333333333,1,0,0.428571429,5,0.12195122,0,1
6950,0.362902728,0.024390244,1,0,1,3,0.18699187,1,0
7200,0.362137293,0.333333333,1,0,0.428571429,3,0.081300813,0,1
7450,0.361079675,0.333333333,0,0,0.428571429,3,0.089430894,0,1
6750,0.360544694,0.138211382,0,0,0,3,0.024390244,0,1
7500,0.359495307,0.333333333,1,0,0.428571429,3,0.081300813,0,1
7450,0.358363615,0.333333333,0,0,0.428571429,4,0.056910569,0,1
7950,0.358022049,0.333333333,1,0,0.428571429,4,0.056910569,0,1
7250,0.358022049,0.333333333,1,0,0.428571429,4,0.056910569,0,1
7950,0.358022049,0.138211382,1,0,0,3,0.024390244,0,1
8250,0.358022049,0.138211382,1,0,0,3,0.024390244,0,1
8250,0.357445915,0.333333333,0,0,0.428571429,5,0.12195122,0,1
6750,0.354355368,0.333333333,1,0,0.428571429,3,0.089430894,0,1
8750,0.353906806,0.138211382,1,0,0,5,0.06504065,0,1
8950,0.353906806,0.333333333,0,0,0.428571429,3,0.081300813,0,1
8500,0.353347133,0.024390244,1,0,1,5,0.219512195,1,0
8250,0.352116675,0.333333333,0,0,0.428571429,5,0.113821138,0,1
9450,0.351725727,0.308943089,0,1,0.428571429,3,0.130081301,0,1
7950,0.350614612,0.333333333,1,0,0.428571429,3,0.081300813,0,1
7900,0.349791563,0.333333333,1,0,0.428571429,3,0.089430894,0,1
8500,0.34974218,0.333333333,1,0,0.428571429,3,0.081300813,0,1
8250,0.349651645,0.333333333,0,0,0.428571429,5,0.113821138,0,1
8250,0.347618714,0.333333333,1,0,0.428571429,5,0.113821138,0,1
8950,0.347330647,0.333333333,1,0,0.428571429,4,0.056910569,0,1
7950,0.346182495,0.333333333,0,0,0.428571429,3,0.081300813,0,1
6950,0.34567632,0.333333333,0,0,0.428571429,5,0.12195122,0,1
7250,0.34567632,0.333333333,1,0,0.428571429,5,0.105691057,0,1
7750,0.34567632,0.333333333,1,0,0.428571429,5,0.138211382,0,1
8700,0.345059033,0.333333333,1,0,0.428571429,3,0.089430894,0,1
8950,0.343783308,0.333333333,1,0,0.428571429,5,0.113821138,0,1
6750,0.34322775,0.333333333,1,0,0.428571429,5,0.113821138,0,1
7500,0.342758612,0.333333333,1,0,0.428571429,5,0.113821138,0,1
7950,0.342108404,0.138211382,0,0,0,3,0.024390244,0,1
8950,0.341754493,0.138211382,1,1,0,3,0.073170732,0,1
7950,0.340326503,0.333333333,0,0,0.428571429,3,0.081300813,0,1
7450,0.340223622,0.138211382,0,0,0,3,0.024390244,0,1
5950,0.339894403,0.138211382,1,0,0,3,0.024390244,0,1
7750,0.338499335,0.333333333,1,0,0.428571429,3,0.081300813,0,1
6950,0.337869703,0.138211382,1,0,0,3,0.024390244,0,1
8750,0.337532253,0.138211382,1,0,0,5,0.056910569,0,1
8950,0.337445833,0.333333333,1,0,0.428571429,5,0.12195122,0,1
7495,0.33739645,0.333333333,1,0,0.428571429,5,0.113821138,0,1
7750,0.337157766,0.333333333,1,0,0.428571429,5,0.113821138,0,1
6950,0.336058996,0.333333333,0,0,0.428571429,3,0.081300813,0,1
7990,0.331215355,0.264051396,1,0,0.428571429,5,0.113821138,0,1
7250,0.329215347,0.333333333,1,0,0.428571429,4,0.105691057,0,1
6900,0.325100103,0.138211382,0,0,0,3,0.024390244,0,1
7750,0.324663888,0.333333333,0,0,0.428571429,5,0.113821138,0,1
7250,0.323820263,0.333333333,0,0,0.428571429,4,0.056910569,0,1
8950,0.322774991,0.138211382,0,0,0,3,0.024390244,0,1
8500,0.322054823,0.333333333,0,0,0.428571429,3,0.081300813,0,1
7950,0.321478689,0.333333333,1,0,0.428571429,5,0.12195122,0,1
6950,0.316869617,0.138211382,1,0,0,3,0.024390244,0,1
8000,0.316869617,0.333333333,0,0,0.428571429,3,0.081300813,0,1
7950,0.314326396,0.333333333,1,0,0.428571429,3,0.089430894,0,1
8500,0.313857259,0.138211382,1,0,0,3,0.024390244,0,1
7490,0.313375775,0.138211382,1,0,0,3,0.024390244,0,1
8250,0.312754373,0.333333333,1,0,0.428571429,3,0.081300813,0,1
9250,0.312754373,0.333333333,1,0,0.428571429,5,0.113821138,0,1
7950,0.312095935,0.138211382,0,0,0,5,0.056910569,0,1
9500,0.31192721,0.333333333,1,0,0.428571429,3,0.081300813,0,1
8950,0.310799633,0.333333333,1,0,0.428571429,3,0.185365854,0,1
8450,0.309968354,0.138211382,1,0,0,5,0.081300813,0,1
7995,0.309964239,0.333333333,1,0,0.428571429,4,0.18699187,0,1
8750,0.309569175,0.333333333,0,0,0.428571429,4,0.056910569,0,1
5950,0.308988926,0.138211382,0,0,0,5,0.056910569,0,1
8500,0.30863913,0.333333333,0,0,0.428571429,5,0.12195122,0,1
8950,0.30863913,0.138211382,1,0,0,4,0,0,1
8750,0.30863913,0.138211382,1,0,0,4,0,0,1
7600,0.308334602,0.333333333,1,0,0.428571429,5,0.12195122,0,1
7145,0.307754353,0.333333333,1,0,0.428571429,5,0.113821138,0,1
8450,0.306881921,0.333333333,1,0,0.428571429,5,0.138211382,0,1
5950,0.30685723,0.138211382,1,0,0,3,0.024390244,0,1
9000,0.305330475,0.333333333,1,0,0.428571429,5,0.12195122,0,1
7250,0.305145289,0.333333333,1,0,0.428571429,3,0.081300813,0,1
7400,0.30491895,0.333333333,1,0,0.428571429,3,0.081300813,0,1
8800,0.304906605,0.333333333,1,0,0.428571429,5,0.12195122,0,1
7750,0.304523887,0.333333333,0,0,0.428571429,3,0.081300813,0,1
7500,0.304523887,0.138211382,1,0,0,3,0.024390244,0,1
8450,0.303034169,0.138211382,1,1,0,4,0.024390244,0,1
7400,0.302301656,0.333333333,1,0,0.428571429,5,0.113821138,0,1
7500,0.301231692,0.333333333,1,0,0.428571429,5,0.113821138,0,1
8950,0.300886012,0.333333333,1,0,0.428571429,5,0.12195122,0,1
8950,0.300466257,0.333333333,1,0,0.428571429,5,0.12195122,0,1
7950,0.299186416,0.333333333,1,0,0.428571429,3,0.081300813,0,1
7950,0.2976432,0.333333333,1,0,0.428571429,5,0.12195122,0,1
7950,0.297206984,0.333333333,1,0,0.428571429,5,0.113821138,0,1
8950,0.296820152,0.308943089,1,1,0.428571429,5,0.162601626,0,1
7750,0.296663772,0.333333333,1,0,0.428571429,5,0.113821138,0,1
8250,0.2962934,0.333333333,1,0,0.428571429,4,0.056910569,0,1
7950,0.2962934,0.333333333,0,0,0.428571429,3,0.089430894,0,1
7750,0.295881876,0.138211382,1,0,0,3,0.024390244,0,1
8500,0.295573233,0.333333333,0,0,0.428571429,5,0.12195122,0,1
6950,0.295223437,0.333333333,1,0,0.428571429,5,0.113821138,0,1
7500,0.294235779,0.333333333,1,0,0.428571429,4,0.056910569,0,1
7750,0.293655529,0.333333333,1,0,0.428571429,3,0.081300813,0,1
5950,0.293260466,0.138211382,1,0,0,3,0.024390244,0,1
7500,0.292943592,0.333333333,0,0,0.428571429,3,0.081300813,0,1
8950,0.29240038,0.138211382,0,1,0,3,0.073170732,0,1
7950,0.292178157,0.333333333,1,0,0.428571429,3,0.081300813,0,1
6900,0.291927127,0.333333333,1,1,0.428571429,5,0.162601626,0,1
7450,0.291898321,0.333333333,1,0,0.428571429,3,0.081300813,0,1
8500,0.290519714,0.308943089,1,1,0.428571429,3,0.130081301,0,1
7500,0.290046461,0.333333333,1,0,0.428571429,5,0.12195122,0,1
8750,0.288573204,0.333333333,1,0,0.428571429,3,0.081300813,0,1
7500,0.288223408,0.333333333,1,0,0.428571429,3,0.081300813,0,1
9950,0.28766785,0.333333333,0,0,0.428571429,5,0.113821138,0,1
7950,0.285544385,0.138211382,0,0,0,3,0.016260163,0,1
9950,0.285264548,0.333333333,1,0,0.428571429,5,0.113821138,0,1
9250,0.283947671,0.333333333,1,0,0.428571429,5,0.12195122,0,1
9250,0.283898288,0.138211382,1,0,0,5,0.056910569,0,1
9950,0.283721332,0.333333333,1,0,0.428571429,5,0.138211382,0,1
5950,0.281005272,0.333333333,1,0,0.428571429,3,0.081300813,0,1
7995,0.279832427,0.333333333,1,0,0.428571429,5,0.12195122,0,1
8950,0.279832427,0.138211382,1,1,0,3,0.073170732,0,1
7450,0.277573159,0.138211382,1,0,0,4,0,0,1
8250,0.276811839,0.138211382,1,0,0,5,0.056910569,0,1
8500,0.276766571,0.333333333,0,0,0.428571429,5,0.138211382,0,1
8500,0.276128708,0.333333333,1,0,0.428571429,5,0.12195122,0,1
9400,0.276095786,0.024390244,1,0,1,3,0.18699187,1,0
7250,0.275223355,0.333333333,1,0,0.428571429,3,0.089430894,0,1
8950,0.275120474,0.333333333,1,0,0.428571429,5,0.12195122,0,1
9450,0.275071091,0.333333333,1,0,0.428571429,5,0.12195122,0,1
8500,0.274556685,0.333333333,1,0,0.428571429,3,0.081300813,0,1
6750,0.272293302,0.138211382,1,0,0,3,0.024390244,0,1
7400,0.271396179,0.333333333,0,0,0.428571429,5,0.113821138,0,1
8950,0.269544319,0.138211382,1,0,0,3,0.024390244,0,1
6900,0.268750077,0.333333333,1,0,0.428571429,3,0.089430894,0,1
7750,0.268531969,0.138211382,1,0,0,3,0.024390244,0,1
8950,0.267573118,0.024390244,1,0,1,3,0.18699187,1,0
6950,0.267511389,0.138211382,1,0,0,3,0.024390244,0,1
8495,0.264523722,0.333333333,0,0,0.428571429,4,0.056910569,0,1
10000,0.263371454,0.308943089,0,1,0.428571429,3,0.138211382,0,1
6999,0.263371454,0.333333333,1,0,0.428571429,5,0.113821138,0,1
8950,0.263371454,0.333333333,0,0,0.428571429,3,0.089430894,0,1
8500,0.263034004,0.333333333,1,0,0.428571429,4,0.056910569,0,1
8750,0.261865275,0.333333333,1,0,0.428571429,4,0.056910569,0,1
7499,0.261313833,0.333333333,1,0,0.428571429,3,0.081300813,0,1
9000,0.260350866,0.333333333,1,0,0.428571429,4,0.056910569,0,1
8950,0.257589537,0.333333333,1,0,0.428571429,3,0.081300813,0,1
6950,0.257531924,0.333333333,0,0,0.428571429,5,0.12195122,0,1
8500,0.256313812,0.333333333,1,0,0.428571429,5,0.12195122,0,1
8450,0.254754135,0.138211382,1,1,0,5,0.105691057,0,1
8950,0.253906395,0.333333333,0,0,0.428571429,5,0.113821138,0,1
8250,0.253692402,0.333333333,1,0,0.428571429,5,0.113821138,0,1
7950,0.253601867,0.138211382,0,0,0,5,0.056910569,0,1
7450,0.253124498,0.333333333,0,0,0.428571429,4,0.056910569,0,1
9000,0.25170474,0.308943089,1,1,0.428571429,3,0.130081301,0,1
7150,0.251025724,0.333333333,1,0,0.428571429,4,0.056910569,0,1
7750,0.250338479,0.333333333,1,0,0.428571429,4,0.056910569,0,1
5845,0.249379627,0.138211382,0,0,0,3,0.097560976,0,1
8500,0.248898144,0.333333333,1,0,0.428571429,5,0.12195122,0,1
8250,0.248869337,0.333333333,1,0,0.428571429,5,0.185365854,0,1
9450,0.247494846,0.333333333,0,0,0.428571429,3,0.081300813,0,1
6750,0.247116243,0.333333333,1,0,0.428571429,3,0.081300813,0,1
8400,0.246910481,0.333333333,1,0,0.428571429,3,0.081300813,0,1
7900,0.246910481,0.333333333,0,0,0.428571429,3,0.081300813,0,1
7950,0.246149161,0.333333333,1,0,0.41,3,0.089430894,0,1
8750,0.244136807,0.333333333,1,0,0.428571429,5,0.138211382,0,1
9900,0.243782896,0.333333333,1,0,0.428571429,3,0.081300813,0,1
6495,0.243470138,0.333333333,0,0,0.428571429,4,0.056910569,0,1
8250,0.242865197,0.308943089,1,1,0.428571429,3,0.130081301,0,1
6900,0.242597706,0.333333333,1,0,0.428571429,3,0.081300813,0,1
7500,0.240548315,0.138211382,1,0,0,3,0.024390244,0,1
7950,0.240083293,0.138211382,1,1,0,4,0.048780488,0,1
8250,0.239778765,0.333333333,1,0,0.428571429,5,0.113821138,0,1
8950,0.238679995,0.333333333,0,0,0.428571429,3,0.089430894,0,1
9750,0.237976288,0.333333333,0,0,0.428571429,3,0.081300813,0,1
8250,0.237803448,0.138211382,0,0,0,3,0.024390244,0,1
8900,0.237149124,0.333333333,0,0,0.428571429,5,0.12195122,0,1
8950,0.236774637,0.138211382,1,0,0,5,0.081300813,0,1
6750,0.23564706,0.333333333,1,0,0.428571429,3,0.081300813,0,1
7950,0.235157346,0.333333333,1,0,0.428571429,5,0.113821138,0,1
8600,0.234959815,0.138211382,1,0,0,3,0.040650407,0,1
7750,0.234564751,0.138211382,0,0,0,4,0,0,1
7800,0.232778736,0.333333333,1,0,0.428571429,3,0.081300813,0,1
8750,0.231712888,0.333333333,1,0,0.428571429,3,0.081300813,0,1
9500,0.23133017,0.138211382,0,0,0,3,0.024390244,0,1
7750,0.23099272,0.333333333,0,0,0.428571429,4,0.056910569,0,1
9950,0.228083243,0.333333333,0,0,0.428571429,5,0.12195122,0,1
7750,0.224025613,0.138211382,1,0,0,3,0.024390244,0,1
5950,0.22143301,0.333333333,1,0,0.428571429,3,0.081300813,0,1
10950,0.218651106,0.333333333,1,0,0.428571429,5,0.113821138,0,1
9450,0.217692254,0.333333333,1,0,0.428571429,4,0.12195122,0,1
8250,0.216869205,0.333333333,0,0,0.428571429,3,0.081300813,0,1
9750,0.215305413,0.333333333,0,0,0.428571429,5,0.113821138,0,1
7450,0.21516961,0.333333333,0,0,0.428571429,5,0.185365854,0,1
8750,0.213988535,0.333333333,1,0,0.428571429,5,0.12195122,0,1
8750,0.213988535,0.333333333,1,0,0.428571429,3,0.081300813,0,1
8500,0.213988535,0.333333333,1,1,0.428571429,4,0.105691057,0,1
8950,0.213470014,0.138211382,0,0,0,4,0,0,1
7500,0.205046111,0.138211382,1,0,0,5,0.056910569,0,1
7250,0.204276561,0.333333333,1,0,0.428571429,4,0.056910569,0,1
7450,0.204029646,0.333333333,1,0,0.428571429,4,0.056910569,0,1
8750,0.202342396,0.138211382,1,0,0,3,0.073170732,0,1
9800,0.200976136,0.333333333,0,0,0.428571429,3,0.089430894,0,1
7500,0.199897942,0.138211382,1,0,0,3,0.024390244,0,1
8950,0.199173659,0.333333333,1,0,0.428571429,5,0.12195122,0,1
8950,0.198523451,0.138211382,1,0,0,5,0.056910569,0,1
7450,0.197342376,0.333333333,1,0,0.428571429,5,0.113821138,0,1
8950,0.196017268,0.333333333,1,0,0.428571429,5,0.12195122,0,1
10500,0.195058416,0.138211382,1,0,0,5,0.06504065,0,1
7000,0.194893806,0.138211382,0,0,0,3,0.016260163,0,1
8500,0.18726826,0.333333333,1,0,0.428571429,3,0.081300813,0,1
7750,0.186869082,0.138211382,1,0,0,5,0.056910569,0,1
8950,0.184564546,0.333333333,1,0,0.428571429,3,0.081300813,0,1
8250,0.18446578,0.333333333,0,0,0.428571429,5,0.12195122,0,1
9250,0.182893757,0.333333333,1,0,0.428571429,3,0.081300813,0,1
7900,0.179914321,0.333333333,1,0,0.428571429,5,0.113821138,0,1
8500,0.179511027,0.138211382,1,0,0,4,0,0,1
7950,0.179140655,0.333333333,0,0,0.428571429,5,0.113821138,0,1
9950,0.176128297,0.333333333,1,0,0.428571429,3,0.081300813,0,1
8750,0.174140634,0.308943089,1,1,0.428571429,5,0.162601626,0,1
7500,0.173601537,0.333333333,1,0,0.428571429,3,0.081300813,0,1
6950,0.172836102,0.333333333,1,0,0.428571429,3,0.081300813,0,1
8950,0.164988333,0.333333333,0,0,0.428571429,5,0.185365854,0,1
8750,0.163782567,0.308943089,0,1,0.428571429,3,0.130081301,0,1
7750,0.161181733,0.138211382,1,0,0,3,0.024390244,0,1
8450,0.160264034,0.333333333,1,0,0.428571429,3,0.081300813,0,1
8150,0.150354528,0.333333333,0,1,0.428571429,4,0.12195122,0,1
8500,0.261865275,0.138211382,0,1,0,3,0.073170732,0,1
7600,0.148144643,0.333333333,1,0,0.428571429,3,0.081300813,0,1
7950,0.147408014,0.138211382,0,1,0,3,0.024390244,0,1
7750,0.142864785,0.138211382,0,0,0,3,0.024390244,0,1
7950,0.261865275,0.138211382,1,0,0,4,0,0,1
9950,0.127420277,0.333333333,1,1,0.428571429,3,0.130081301,0,1
8950,0.11933794,0.138211382,1,1,0,3,0.073170732,0,1
8450,0.261865275,0.138211382,1,0,0,3,0.024390244,0,1
8950,0.098761723,0.138211382,1,1,0,5,0.105691057,0,1
8450,0.09464648,0.138211382,0,0,0,3,0.024390244,0,1
7500,0.084539443,0.138211382,1,0,0,3,0.040650407,0,1
10845,0.261865275,0.138211382,0,0,0,3,0.024390244,0,1
8500,0.070020864,0.138211382,0,0,0,3,0.024390244,0,1
7250,0.261865275,0.138211382,1,0,0,3,0.024390244,0,1
6950,0,0.333333333,0,0,0.428571429,5,0.185365854,0,1
